{
	"blocks": [
		{
			"heading": "Section 1",
			"content": "Lorem ipsum dolor sit amet, consectetur adipisicing elit. Tempore sed aliquam vitae fugit odit voluptate eligendi, blanditiis quasi nobis reiciendis! Rem maiores reprehenderit animi aliquam inventore vel adipisci delectus itaque! Lorem ipsum dolor sit amet, consectetur adipisicing elit. Tempore sed aliquam vitae fugit odit voluptate eligendi, blanditiis quasi nobis reiciendis!"
		},
		{
			"heading": "Section 2",
			"content": "Lorem ipsum dolor sit amet, consectetur adipisicing elit. Tempore sed aliquam vitae fugit odit voluptate eligendi, blanditiis quasi nobis reiciendis! Rem maiores reprehenderit animi aliquam inventore vel adipisci delectus itaque! Lorem ipsum dolor sit amet, consectetur adipisicing elit. Tempore sed aliquam vitae fugit odit voluptate eligendi, blanditiis quasi nobis reiciendis! Rem maiores reprehenderit animi aliquam inventore vel adipisci delectus itaque!"
		},
		{
			"heading": "Section 3",
			"content": "Lorem ipsum dolor sit amet, consectetur adipisicing elit."
		}
	]
}
