<?xml version="1.0" encoding="UTF-8" ?>
<!-- This is a WordPress eXtended RSS file generated by WordPress as an export of your site. -->
<!-- It contains information about your site's posts, pages, comments, categories, and other content. -->
<!-- You may use this file to transfer that content from one site to another. -->
<!-- This file is not intended to serve as a complete backup of your site. -->

<!-- To import this information into a WordPress site follow these steps: -->
<!-- 1. Log in to that site as an administrator. -->
<!-- 2. Go to Tools: Import in the WordPress admin panel. -->
<!-- 3. Install the "WordPress" importer from the list. -->
<!-- 4. Activate & Run Importer. -->
<!-- 5. Upload this file using the form provided on that page. -->
<!-- 6. You will first be asked to map the authors in this export file to users -->
<!--    on the site. For each author, you may choose to map to an -->
<!--    existing user on the site or to create a new user. -->
<!-- 7. WordPress will then import each of the posts, pages, comments, categories, etc. -->
<!--    contained in this file into your site. -->

<!-- generator="WordPress/3.9.2" created="2014-09-17 20:48" -->
<rss version="2.0"
	xmlns:excerpt="http://wordpress.org/export/1.2/excerpt/"
	xmlns:content="http://purl.org/rss/1.0/modules/content/"
	xmlns:wfw="http://wellformedweb.org/CommentAPI/"
	xmlns:dc="http://purl.org/dc/elements/1.1/"
	xmlns:wp="http://wordpress.org/export/1.2/"
>

<channel>
	<title>Enfold Blog Demo</title>
	<link>http://www.kriesi.at/themes/enfold-blog</link>
	<description>Just another Kriesi.at Theme Demos Sites site</description>
	<pubDate>Wed, 17 Sep 2014 20:48:03 +0000</pubDate>
	<language>en-US</language>
	<wp:wxr_version>1.2</wp:wxr_version>
	<wp:base_site_url>http://www.kriesi.at/themes/</wp:base_site_url>
	<wp:base_blog_url>http://www.kriesi.at/themes/enfold-blog</wp:base_blog_url>

	<wp:author><wp:author_id>1</wp:author_id><wp:author_login>Kriesi</wp:author_login><wp:author_email>office@kriesi.at</wp:author_email><wp:author_display_name><![CDATA[Kriesi]]></wp:author_display_name><wp:author_first_name><![CDATA[Christian]]></wp:author_first_name><wp:author_last_name><![CDATA[Budschedl]]></wp:author_last_name></wp:author>

	<wp:category><wp:term_id>14</wp:term_id><wp:category_nicename>news</wp:category_nicename><wp:category_parent></wp:category_parent><wp:cat_name><![CDATA[News]]></wp:cat_name></wp:category>
	<wp:category><wp:term_id>15</wp:term_id><wp:category_nicename>personal</wp:category_nicename><wp:category_parent></wp:category_parent><wp:cat_name><![CDATA[Personal]]></wp:cat_name></wp:category>
	<wp:category><wp:term_id>1</wp:term_id><wp:category_nicename>uncategorized</wp:category_nicename><wp:category_parent></wp:category_parent><wp:cat_name><![CDATA[Uncategorized]]></wp:cat_name></wp:category>
	<wp:tag><wp:term_id>16</wp:term_id><wp:tag_slug>food</wp:tag_slug><wp:tag_name><![CDATA[food]]></wp:tag_name></wp:tag>
	<wp:tag><wp:term_id>17</wp:term_id><wp:tag_slug>fun</wp:tag_slug><wp:tag_name><![CDATA[fun]]></wp:tag_name></wp:tag>
	<wp:term><wp:term_id>18</wp:term_id><wp:term_taxonomy>nav_menu</wp:term_taxonomy><wp:term_slug>main-menu</wp:term_slug><wp:term_name><![CDATA[Main Menu]]></wp:term_name></wp:term>

	<generator>http://wordpress.org/?v=3.9.2</generator>

	<item>
				<title>General</title>
		<link>http://www.kriesi.at/themes/enfold-blog/forums/forum/general/</link>
		<pubDate>Wed, 17 Sep 2014 20:09:43 +0000</pubDate>
		<dc:creator><![CDATA[Kriesi]]></dc:creator>
		<guid isPermaLink="false">http://www.kriesi.at/themes/enfold-blog/forums/forum/general/</guid>
		<description></description>
		<content:encoded><![CDATA[General chit-chat]]></content:encoded>
		<excerpt:encoded><![CDATA[]]></excerpt:encoded>
		<wp:post_id>3</wp:post_id>
		<wp:post_date>2014-09-17 20:09:43</wp:post_date>
		<wp:post_date_gmt>2014-09-17 20:09:43</wp:post_date_gmt>
		<wp:comment_status>closed</wp:comment_status>
		<wp:ping_status>open</wp:ping_status>
		<wp:post_name>general</wp:post_name>
		<wp:status>publish</wp:status>
		<wp:post_parent>0</wp:post_parent>
		<wp:menu_order>0</wp:menu_order>
		<wp:post_type>forum</wp:post_type>
		<wp:post_password></wp:post_password>
		<wp:is_sticky>0</wp:is_sticky>
		<wp:postmeta>
			<wp:meta_key>_bbp_reply_count</wp:meta_key>
			<wp:meta_value><![CDATA[1]]></wp:meta_value>
		</wp:postmeta>
		<wp:postmeta>
			<wp:meta_key>_bbp_topic_count</wp:meta_key>
			<wp:meta_value><![CDATA[1]]></wp:meta_value>
		</wp:postmeta>
		<wp:postmeta>
			<wp:meta_key>_bbp_topic_count_hidden</wp:meta_key>
			<wp:meta_value><![CDATA[0]]></wp:meta_value>
		</wp:postmeta>
		<wp:postmeta>
			<wp:meta_key>_bbp_total_reply_count</wp:meta_key>
			<wp:meta_value><![CDATA[1]]></wp:meta_value>
		</wp:postmeta>
		<wp:postmeta>
			<wp:meta_key>_bbp_total_topic_count</wp:meta_key>
			<wp:meta_value><![CDATA[1]]></wp:meta_value>
		</wp:postmeta>
		<wp:postmeta>
			<wp:meta_key>_bbp_last_topic_id</wp:meta_key>
			<wp:meta_value><![CDATA[4]]></wp:meta_value>
		</wp:postmeta>
		<wp:postmeta>
			<wp:meta_key>_bbp_last_reply_id</wp:meta_key>
			<wp:meta_value><![CDATA[4]]></wp:meta_value>
		</wp:postmeta>
		<wp:postmeta>
			<wp:meta_key>_bbp_last_active_id</wp:meta_key>
			<wp:meta_value><![CDATA[4]]></wp:meta_value>
		</wp:postmeta>
		<wp:postmeta>
			<wp:meta_key>_bbp_last_active_time</wp:meta_key>
			<wp:meta_value><![CDATA[2014-09-17 20:09:43]]></wp:meta_value>
		</wp:postmeta>
		<wp:postmeta>
			<wp:meta_key>_bbp_forum_subforum_count</wp:meta_key>
			<wp:meta_value><![CDATA[0]]></wp:meta_value>
		</wp:postmeta>
	</item>
	<item>
				<title>avia_logo</title>
		<link>http://www.kriesi.at/themes/enfold-blog/?post_type=avia_framework_post&#038;p=7</link>
		<pubDate>Wed, 30 Nov -0001 00:00:00 +0000</pubDate>
		<dc:creator><![CDATA[Kriesi]]></dc:creator>
		<guid isPermaLink="false">http://www.kriesi.at/themes/enfold-blog/?post_type=avia_framework_post&#038;p=7</guid>
		<description></description>
		<content:encoded><![CDATA[]]></content:encoded>
		<excerpt:encoded><![CDATA[]]></excerpt:encoded>
		<wp:post_id>7</wp:post_id>
		<wp:post_date>2014-09-17 20:10:23</wp:post_date>
		<wp:post_date_gmt>0000-00-00 00:00:00</wp:post_date_gmt>
		<wp:comment_status>closed</wp:comment_status>
		<wp:ping_status>closed</wp:ping_status>
		<wp:post_name></wp:post_name>
		<wp:status>draft</wp:status>
		<wp:post_parent>0</wp:post_parent>
		<wp:menu_order>0</wp:menu_order>
		<wp:post_type>avia_framework_post</wp:post_type>
		<wp:post_password></wp:post_password>
		<wp:is_sticky>0</wp:is_sticky>
	</item>
	<item>
				<title>avia_favicon</title>
		<link>http://www.kriesi.at/themes/enfold-blog/?post_type=avia_framework_post&#038;p=8</link>
		<pubDate>Wed, 30 Nov -0001 00:00:00 +0000</pubDate>
		<dc:creator><![CDATA[Kriesi]]></dc:creator>
		<guid isPermaLink="false">http://www.kriesi.at/themes/enfold-blog/?post_type=avia_framework_post&#038;p=8</guid>
		<description></description>
		<content:encoded><![CDATA[]]></content:encoded>
		<excerpt:encoded><![CDATA[]]></excerpt:encoded>
		<wp:post_id>8</wp:post_id>
		<wp:post_date>2014-09-17 20:10:23</wp:post_date>
		<wp:post_date_gmt>0000-00-00 00:00:00</wp:post_date_gmt>
		<wp:comment_status>closed</wp:comment_status>
		<wp:ping_status>closed</wp:ping_status>
		<wp:post_name></wp:post_name>
		<wp:status>draft</wp:status>
		<wp:post_parent>0</wp:post_parent>
		<wp:menu_order>0</wp:menu_order>
		<wp:post_type>avia_framework_post</wp:post_type>
		<wp:post_password></wp:post_password>
		<wp:is_sticky>0</wp:is_sticky>
	</item>
	<item>
				<title>avia_custom_background_image</title>
		<link>http://www.kriesi.at/themes/enfold-blog/?post_type=avia_framework_post&#038;p=9</link>
		<pubDate>Wed, 30 Nov -0001 00:00:00 +0000</pubDate>
		<dc:creator><![CDATA[Kriesi]]></dc:creator>
		<guid isPermaLink="false">http://www.kriesi.at/themes/enfold-blog/?post_type=avia_framework_post&#038;p=9</guid>
		<description></description>
		<content:encoded><![CDATA[]]></content:encoded>
		<excerpt:encoded><![CDATA[]]></excerpt:encoded>
		<wp:post_id>9</wp:post_id>
		<wp:post_date>2014-09-17 20:10:23</wp:post_date>
		<wp:post_date_gmt>0000-00-00 00:00:00</wp:post_date_gmt>
		<wp:comment_status>closed</wp:comment_status>
		<wp:ping_status>closed</wp:ping_status>
		<wp:post_name></wp:post_name>
		<wp:status>draft</wp:status>
		<wp:post_parent>0</wp:post_parent>
		<wp:menu_order>0</wp:menu_order>
		<wp:post_type>avia_framework_post</wp:post_type>
		<wp:post_password></wp:post_password>
		<wp:is_sticky>0</wp:is_sticky>
	</item>
	<item>
				<title>avia_transparency_logo</title>
		<link>http://www.kriesi.at/themes/enfold-blog/?post_type=avia_framework_post&#038;p=10</link>
		<pubDate>Wed, 30 Nov -0001 00:00:00 +0000</pubDate>
		<dc:creator><![CDATA[Kriesi]]></dc:creator>
		<guid isPermaLink="false">http://www.kriesi.at/themes/enfold-blog/?post_type=avia_framework_post&#038;p=10</guid>
		<description></description>
		<content:encoded><![CDATA[]]></content:encoded>
		<excerpt:encoded><![CDATA[]]></excerpt:encoded>
		<wp:post_id>10</wp:post_id>
		<wp:post_date>2014-09-17 20:10:23</wp:post_date>
		<wp:post_date_gmt>0000-00-00 00:00:00</wp:post_date_gmt>
		<wp:comment_status>closed</wp:comment_status>
		<wp:ping_status>closed</wp:ping_status>
		<wp:post_name></wp:post_name>
		<wp:status>draft</wp:status>
		<wp:post_parent>0</wp:post_parent>
		<wp:menu_order>0</wp:menu_order>
		<wp:post_type>avia_framework_post</wp:post_type>
		<wp:post_password></wp:post_password>
		<wp:is_sticky>0</wp:is_sticky>
	</item>
	<item>
				<title>avia_logo</title>
		<link>http://www.kriesi.at/themes/enfold-blog/?post_type=avia_framework_post&#038;p=12</link>
		<pubDate>Wed, 30 Nov -0001 00:00:00 +0000</pubDate>
		<dc:creator><![CDATA[Kriesi]]></dc:creator>
		<guid isPermaLink="false">http://192.168.1.104/enfold-blog/?post_type=avia_framework_post&#038;p=4</guid>
		<description></description>
		<content:encoded><![CDATA[]]></content:encoded>
		<excerpt:encoded><![CDATA[]]></excerpt:encoded>
		<wp:post_id>12</wp:post_id>
		<wp:post_date>2014-08-24 17:15:21</wp:post_date>
		<wp:post_date_gmt>0000-00-00 00:00:00</wp:post_date_gmt>
		<wp:comment_status>closed</wp:comment_status>
		<wp:ping_status>closed</wp:ping_status>
		<wp:post_name></wp:post_name>
		<wp:status>draft</wp:status>
		<wp:post_parent>0</wp:post_parent>
		<wp:menu_order>0</wp:menu_order>
		<wp:post_type>avia_framework_post</wp:post_type>
		<wp:post_password></wp:post_password>
		<wp:is_sticky>0</wp:is_sticky>
	</item>
	<item>
				<title>avia_favicon</title>
		<link>http://www.kriesi.at/themes/enfold-blog/?post_type=avia_framework_post&#038;p=13</link>
		<pubDate>Wed, 30 Nov -0001 00:00:00 +0000</pubDate>
		<dc:creator><![CDATA[Kriesi]]></dc:creator>
		<guid isPermaLink="false">http://192.168.1.104/enfold-blog/?post_type=avia_framework_post&#038;p=5</guid>
		<description></description>
		<content:encoded><![CDATA[]]></content:encoded>
		<excerpt:encoded><![CDATA[]]></excerpt:encoded>
		<wp:post_id>13</wp:post_id>
		<wp:post_date>2014-08-24 17:15:21</wp:post_date>
		<wp:post_date_gmt>0000-00-00 00:00:00</wp:post_date_gmt>
		<wp:comment_status>closed</wp:comment_status>
		<wp:ping_status>closed</wp:ping_status>
		<wp:post_name></wp:post_name>
		<wp:status>draft</wp:status>
		<wp:post_parent>0</wp:post_parent>
		<wp:menu_order>0</wp:menu_order>
		<wp:post_type>avia_framework_post</wp:post_type>
		<wp:post_password></wp:post_password>
		<wp:is_sticky>0</wp:is_sticky>
	</item>
	<item>
				<title>avia_custom_background_image</title>
		<link>http://www.kriesi.at/themes/enfold-blog/?post_type=avia_framework_post&#038;p=14</link>
		<pubDate>Wed, 30 Nov -0001 00:00:00 +0000</pubDate>
		<dc:creator><![CDATA[Kriesi]]></dc:creator>
		<guid isPermaLink="false">http://192.168.1.104/enfold-blog/?post_type=avia_framework_post&#038;p=6</guid>
		<description></description>
		<content:encoded><![CDATA[]]></content:encoded>
		<excerpt:encoded><![CDATA[]]></excerpt:encoded>
		<wp:post_id>14</wp:post_id>
		<wp:post_date>2014-08-24 17:15:21</wp:post_date>
		<wp:post_date_gmt>0000-00-00 00:00:00</wp:post_date_gmt>
		<wp:comment_status>closed</wp:comment_status>
		<wp:ping_status>closed</wp:ping_status>
		<wp:post_name></wp:post_name>
		<wp:status>draft</wp:status>
		<wp:post_parent>0</wp:post_parent>
		<wp:menu_order>0</wp:menu_order>
		<wp:post_type>avia_framework_post</wp:post_type>
		<wp:post_password></wp:post_password>
		<wp:is_sticky>0</wp:is_sticky>
	</item>
	<item>
				<title>avia_transparency_logo</title>
		<link>http://www.kriesi.at/themes/enfold-blog/?post_type=avia_framework_post&#038;p=15</link>
		<pubDate>Wed, 30 Nov -0001 00:00:00 +0000</pubDate>
		<dc:creator><![CDATA[Kriesi]]></dc:creator>
		<guid isPermaLink="false">http://192.168.1.104/enfold-blog/?post_type=avia_framework_post&#038;p=7</guid>
		<description></description>
		<content:encoded><![CDATA[]]></content:encoded>
		<excerpt:encoded><![CDATA[]]></excerpt:encoded>
		<wp:post_id>15</wp:post_id>
		<wp:post_date>2014-08-24 17:15:21</wp:post_date>
		<wp:post_date_gmt>0000-00-00 00:00:00</wp:post_date_gmt>
		<wp:comment_status>closed</wp:comment_status>
		<wp:ping_status>closed</wp:ping_status>
		<wp:post_name></wp:post_name>
		<wp:status>draft</wp:status>
		<wp:post_parent>0</wp:post_parent>
		<wp:menu_order>0</wp:menu_order>
		<wp:post_type>avia_framework_post</wp:post_type>
		<wp:post_password></wp:post_password>
		<wp:is_sticky>0</wp:is_sticky>
	</item>
	<item>
				<title>avia_template_builder_snippets</title>
		<link>http://www.kriesi.at/themes/enfold-blog/?post_type=avia_framework_post&#038;p=16</link>
		<pubDate>Wed, 30 Nov -0001 00:00:00 +0000</pubDate>
		<dc:creator><![CDATA[Kriesi]]></dc:creator>
		<guid isPermaLink="false">http://192.168.1.104/enfold-blog/?post_type=avia_framework_post&#038;p=8</guid>
		<description></description>
		<content:encoded><![CDATA[]]></content:encoded>
		<excerpt:encoded><![CDATA[]]></excerpt:encoded>
		<wp:post_id>16</wp:post_id>
		<wp:post_date>2014-08-24 17:18:25</wp:post_date>
		<wp:post_date_gmt>0000-00-00 00:00:00</wp:post_date_gmt>
		<wp:comment_status>closed</wp:comment_status>
		<wp:ping_status>closed</wp:ping_status>
		<wp:post_name></wp:post_name>
		<wp:status>draft</wp:status>
		<wp:post_parent>0</wp:post_parent>
		<wp:menu_order>0</wp:menu_order>
		<wp:post_type>avia_framework_post</wp:post_type>
		<wp:post_password></wp:post_password>
		<wp:is_sticky>0</wp:is_sticky>
	</item>
	<item>
				<title></title>
		<link>http://www.kriesi.at/themes/enfold-blog/2014/09/17/18/</link>
		<pubDate>Wed, 17 Sep 2014 20:13:47 +0000</pubDate>
		<dc:creator><![CDATA[Kriesi]]></dc:creator>
		<guid isPermaLink="false">http://www.kriesi.at/themes/enfold-blog/2014/09/17/18/</guid>
		<description></description>
		<content:encoded><![CDATA[ ]]></content:encoded>
		<excerpt:encoded><![CDATA[]]></excerpt:encoded>
		<wp:post_id>18</wp:post_id>
		<wp:post_date>2014-09-17 20:13:47</wp:post_date>
		<wp:post_date_gmt>2014-09-17 20:13:47</wp:post_date_gmt>
		<wp:comment_status>open</wp:comment_status>
		<wp:ping_status>closed</wp:ping_status>
		<wp:post_name>18</wp:post_name>
		<wp:status>publish</wp:status>
		<wp:post_parent>0</wp:post_parent>
		<wp:menu_order>2</wp:menu_order>
		<wp:post_type>nav_menu_item</wp:post_type>
		<wp:post_password></wp:post_password>
		<wp:is_sticky>0</wp:is_sticky>
		<category domain="nav_menu" nicename="main-menu"><![CDATA[Main Menu]]></category>
		<wp:postmeta>
			<wp:meta_key>_menu_item_type</wp:meta_key>
			<wp:meta_value><![CDATA[post_type]]></wp:meta_value>
		</wp:postmeta>
		<wp:postmeta>
			<wp:meta_key>_menu_item_menu_item_parent</wp:meta_key>
			<wp:meta_value><![CDATA[0]]></wp:meta_value>
		</wp:postmeta>
		<wp:postmeta>
			<wp:meta_key>_menu_item_object_id</wp:meta_key>
			<wp:meta_value><![CDATA[11]]></wp:meta_value>
		</wp:postmeta>
		<wp:postmeta>
			<wp:meta_key>_menu_item_object</wp:meta_key>
			<wp:meta_value><![CDATA[page]]></wp:meta_value>
		</wp:postmeta>
		<wp:postmeta>
			<wp:meta_key>_menu_item_target</wp:meta_key>
			<wp:meta_value><![CDATA[]]></wp:meta_value>
		</wp:postmeta>
		<wp:postmeta>
			<wp:meta_key>_menu_item_classes</wp:meta_key>
			<wp:meta_value><![CDATA[a:1:{i:0;s:0:"";}]]></wp:meta_value>
		</wp:postmeta>
		<wp:postmeta>
			<wp:meta_key>_menu_item_xfn</wp:meta_key>
			<wp:meta_value><![CDATA[]]></wp:meta_value>
		</wp:postmeta>
		<wp:postmeta>
			<wp:meta_key>_menu_item_url</wp:meta_key>
			<wp:meta_value><![CDATA[]]></wp:meta_value>
		</wp:postmeta>
		<wp:postmeta>
			<wp:meta_key>_menu-item-avia-megamenu</wp:meta_key>
			<wp:meta_value><![CDATA[]]></wp:meta_value>
		</wp:postmeta>
		<wp:postmeta>
			<wp:meta_key>_menu-item-avia-division</wp:meta_key>
			<wp:meta_value><![CDATA[]]></wp:meta_value>
		</wp:postmeta>
		<wp:postmeta>
			<wp:meta_key>_menu-item-avia-textarea</wp:meta_key>
			<wp:meta_value><![CDATA[]]></wp:meta_value>
		</wp:postmeta>
		<wp:postmeta>
			<wp:meta_key>_menu-item-avia-style</wp:meta_key>
			<wp:meta_value><![CDATA[]]></wp:meta_value>
		</wp:postmeta>
	</item>
	<item>
				<title></title>
		<link>http://www.kriesi.at/themes/enfold-blog/2014/09/17/19/</link>
		<pubDate>Wed, 17 Sep 2014 20:13:47 +0000</pubDate>
		<dc:creator><![CDATA[Kriesi]]></dc:creator>
		<guid isPermaLink="false">http://www.kriesi.at/themes/enfold-blog/2014/09/17/19/</guid>
		<description></description>
		<content:encoded><![CDATA[ ]]></content:encoded>
		<excerpt:encoded><![CDATA[]]></excerpt:encoded>
		<wp:post_id>19</wp:post_id>
		<wp:post_date>2014-09-17 20:13:47</wp:post_date>
		<wp:post_date_gmt>2014-09-17 20:13:47</wp:post_date_gmt>
		<wp:comment_status>open</wp:comment_status>
		<wp:ping_status>closed</wp:ping_status>
		<wp:post_name>19</wp:post_name>
		<wp:status>publish</wp:status>
		<wp:post_parent>0</wp:post_parent>
		<wp:menu_order>3</wp:menu_order>
		<wp:post_type>nav_menu_item</wp:post_type>
		<wp:post_password></wp:post_password>
		<wp:is_sticky>0</wp:is_sticky>
		<category domain="nav_menu" nicename="main-menu"><![CDATA[Main Menu]]></category>
		<wp:postmeta>
			<wp:meta_key>_menu_item_type</wp:meta_key>
			<wp:meta_value><![CDATA[post_type]]></wp:meta_value>
		</wp:postmeta>
		<wp:postmeta>
			<wp:meta_key>_menu_item_menu_item_parent</wp:meta_key>
			<wp:meta_value><![CDATA[0]]></wp:meta_value>
		</wp:postmeta>
		<wp:postmeta>
			<wp:meta_key>_menu_item_object_id</wp:meta_key>
			<wp:meta_value><![CDATA[17]]></wp:meta_value>
		</wp:postmeta>
		<wp:postmeta>
			<wp:meta_key>_menu_item_object</wp:meta_key>
			<wp:meta_value><![CDATA[page]]></wp:meta_value>
		</wp:postmeta>
		<wp:postmeta>
			<wp:meta_key>_menu_item_target</wp:meta_key>
			<wp:meta_value><![CDATA[]]></wp:meta_value>
		</wp:postmeta>
		<wp:postmeta>
			<wp:meta_key>_menu_item_classes</wp:meta_key>
			<wp:meta_value><![CDATA[a:1:{i:0;s:0:"";}]]></wp:meta_value>
		</wp:postmeta>
		<wp:postmeta>
			<wp:meta_key>_menu_item_xfn</wp:meta_key>
			<wp:meta_value><![CDATA[]]></wp:meta_value>
		</wp:postmeta>
		<wp:postmeta>
			<wp:meta_key>_menu_item_url</wp:meta_key>
			<wp:meta_value><![CDATA[]]></wp:meta_value>
		</wp:postmeta>
		<wp:postmeta>
			<wp:meta_key>_menu-item-avia-megamenu</wp:meta_key>
			<wp:meta_value><![CDATA[]]></wp:meta_value>
		</wp:postmeta>
		<wp:postmeta>
			<wp:meta_key>_menu-item-avia-division</wp:meta_key>
			<wp:meta_value><![CDATA[]]></wp:meta_value>
		</wp:postmeta>
		<wp:postmeta>
			<wp:meta_key>_menu-item-avia-textarea</wp:meta_key>
			<wp:meta_value><![CDATA[]]></wp:meta_value>
		</wp:postmeta>
		<wp:postmeta>
			<wp:meta_key>_menu-item-avia-style</wp:meta_key>
			<wp:meta_value><![CDATA[]]></wp:meta_value>
		</wp:postmeta>
	</item>
	<item>
				<title>Home</title>
		<link>http://www.kriesi.at/themes/enfold-blog/2014/09/17/home/</link>
		<pubDate>Wed, 17 Sep 2014 20:13:47 +0000</pubDate>
		<dc:creator><![CDATA[Kriesi]]></dc:creator>
		<guid isPermaLink="false">http://www.kriesi.at/themes/enfold-blog/2014/09/17/home/</guid>
		<description></description>
		<content:encoded><![CDATA[]]></content:encoded>
		<excerpt:encoded><![CDATA[]]></excerpt:encoded>
		<wp:post_id>20</wp:post_id>
		<wp:post_date>2014-09-17 20:13:47</wp:post_date>
		<wp:post_date_gmt>2014-09-17 20:13:47</wp:post_date_gmt>
		<wp:comment_status>open</wp:comment_status>
		<wp:ping_status>closed</wp:ping_status>
		<wp:post_name>home</wp:post_name>
		<wp:status>publish</wp:status>
		<wp:post_parent>0</wp:post_parent>
		<wp:menu_order>1</wp:menu_order>
		<wp:post_type>nav_menu_item</wp:post_type>
		<wp:post_password></wp:post_password>
		<wp:is_sticky>0</wp:is_sticky>
		<category domain="nav_menu" nicename="main-menu"><![CDATA[Main Menu]]></category>
		<wp:postmeta>
			<wp:meta_key>_menu_item_type</wp:meta_key>
			<wp:meta_value><![CDATA[custom]]></wp:meta_value>
		</wp:postmeta>
		<wp:postmeta>
			<wp:meta_key>_menu_item_menu_item_parent</wp:meta_key>
			<wp:meta_value><![CDATA[0]]></wp:meta_value>
		</wp:postmeta>
		<wp:postmeta>
			<wp:meta_key>_menu_item_object_id</wp:meta_key>
			<wp:meta_value><![CDATA[20]]></wp:meta_value>
		</wp:postmeta>
		<wp:postmeta>
			<wp:meta_key>_menu_item_object</wp:meta_key>
			<wp:meta_value><![CDATA[custom]]></wp:meta_value>
		</wp:postmeta>
		<wp:postmeta>
			<wp:meta_key>_menu_item_target</wp:meta_key>
			<wp:meta_value><![CDATA[]]></wp:meta_value>
		</wp:postmeta>
		<wp:postmeta>
			<wp:meta_key>_menu_item_classes</wp:meta_key>
			<wp:meta_value><![CDATA[a:1:{i:0;s:0:"";}]]></wp:meta_value>
		</wp:postmeta>
		<wp:postmeta>
			<wp:meta_key>_menu_item_xfn</wp:meta_key>
			<wp:meta_value><![CDATA[]]></wp:meta_value>
		</wp:postmeta>
		<wp:postmeta>
			<wp:meta_key>_menu_item_url</wp:meta_key>
			<wp:meta_value><![CDATA[http://www.kriesi.at/themes/enfold-blog/]]></wp:meta_value>
		</wp:postmeta>
		<wp:postmeta>
			<wp:meta_key>_menu-item-avia-megamenu</wp:meta_key>
			<wp:meta_value><![CDATA[]]></wp:meta_value>
		</wp:postmeta>
		<wp:postmeta>
			<wp:meta_key>_menu-item-avia-division</wp:meta_key>
			<wp:meta_value><![CDATA[]]></wp:meta_value>
		</wp:postmeta>
		<wp:postmeta>
			<wp:meta_key>_menu-item-avia-textarea</wp:meta_key>
			<wp:meta_value><![CDATA[]]></wp:meta_value>
		</wp:postmeta>
		<wp:postmeta>
			<wp:meta_key>_menu-item-avia-style</wp:meta_key>
			<wp:meta_value><![CDATA[]]></wp:meta_value>
		</wp:postmeta>
	</item>
	<item>
				<title>avia_featured_media</title>
		<link>http://www.kriesi.at/themes/enfold-blog/?post_type=avia_framework_post&#038;p=64</link>
		<pubDate>Wed, 30 Nov -0001 00:00:00 +0000</pubDate>
		<dc:creator><![CDATA[Kriesi]]></dc:creator>
		<guid isPermaLink="false">http://192.168.1.104/enfold-blog/?post_type=avia_framework_post&#038;p=64</guid>
		<description></description>
		<content:encoded><![CDATA[]]></content:encoded>
		<excerpt:encoded><![CDATA[]]></excerpt:encoded>
		<wp:post_id>64</wp:post_id>
		<wp:post_date>2014-08-24 20:23:37</wp:post_date>
		<wp:post_date_gmt>0000-00-00 00:00:00</wp:post_date_gmt>
		<wp:comment_status>closed</wp:comment_status>
		<wp:ping_status>closed</wp:ping_status>
		<wp:post_name></wp:post_name>
		<wp:status>draft</wp:status>
		<wp:post_parent>0</wp:post_parent>
		<wp:menu_order>0</wp:menu_order>
		<wp:post_type>avia_framework_post</wp:post_type>
		<wp:post_password></wp:post_password>
		<wp:is_sticky>0</wp:is_sticky>
	</item>
	<item>
				<title>bear</title>
		<link>http://www.kriesi.at/themes/enfold-blog/2013/01/24/a-small-gallery/bear/</link>
		<pubDate>Wed, 17 Sep 2014 20:19:43 +0000</pubDate>
		<dc:creator><![CDATA[Kriesi]]></dc:creator>
		<guid isPermaLink="false">http://www.kriesi.at/themes/enfold-blog/files/2013/01/bear.jpg</guid>
		<description></description>
		<content:encoded><![CDATA[]]></content:encoded>
		<excerpt:encoded><![CDATA[A cute bear]]></excerpt:encoded>
		<wp:post_id>68</wp:post_id>
		<wp:post_date>2014-09-17 20:19:43</wp:post_date>
		<wp:post_date_gmt>2014-09-17 20:19:43</wp:post_date_gmt>
		<wp:comment_status>open</wp:comment_status>
		<wp:ping_status>open</wp:ping_status>
		<wp:post_name>bear</wp:post_name>
		<wp:status>inherit</wp:status>
		<wp:post_parent>40</wp:post_parent>
		<wp:menu_order>0</wp:menu_order>
		<wp:post_type>attachment</wp:post_type>
		<wp:post_password></wp:post_password>
		<wp:is_sticky>0</wp:is_sticky>
		<wp:attachment_url>http://www.kriesi.at/themes/enfold-blog/files/2013/01/bear.jpg</wp:attachment_url>
		<wp:postmeta>
			<wp:meta_key>_wp_attachment_metadata</wp:meta_key>
			<wp:meta_value><![CDATA[a:5:{s:5:"width";i:1280;s:6:"height";i:853;s:4:"file";s:16:"2013/01/bear.jpg";s:5:"sizes";a:17:{s:9:"thumbnail";a:4:{s:4:"file";s:14:"bear-80x80.jpg";s:5:"width";i:80;s:6:"height";i:80;s:9:"mime-type";s:10:"image/jpeg";}s:6:"medium";a:4:{s:4:"file";s:16:"bear-300x199.jpg";s:5:"width";i:300;s:6:"height";i:199;s:9:"mime-type";s:10:"image/jpeg";}s:5:"large";a:4:{s:4:"file";s:17:"bear-1030x686.jpg";s:5:"width";i:1030;s:6:"height";i:686;s:9:"mime-type";s:10:"image/jpeg";}s:6:"widget";a:4:{s:4:"file";s:14:"bear-36x36.jpg";s:5:"width";i:36;s:6:"height";i:36;s:9:"mime-type";s:10:"image/jpeg";}s:6:"square";a:4:{s:4:"file";s:16:"bear-180x180.jpg";s:5:"width";i:180;s:6:"height";i:180;s:9:"mime-type";s:10:"image/jpeg";}s:8:"featured";a:4:{s:4:"file";s:17:"bear-1280x430.jpg";s:5:"width";i:1280;s:6:"height";i:430;s:9:"mime-type";s:10:"image/jpeg";}s:14:"featured_large";a:4:{s:4:"file";s:17:"bear-1280x630.jpg";s:5:"width";i:1280;s:6:"height";i:630;s:9:"mime-type";s:10:"image/jpeg";}s:9:"portfolio";a:4:{s:4:"file";s:16:"bear-495x400.jpg";s:5:"width";i:495;s:6:"height";i:400;s:9:"mime-type";s:10:"image/jpeg";}s:15:"portfolio_small";a:4:{s:4:"file";s:16:"bear-260x185.jpg";s:5:"width";i:260;s:6:"height";i:185;s:9:"mime-type";s:10:"image/jpeg";}s:7:"gallery";a:4:{s:4:"file";s:16:"bear-845x684.jpg";s:5:"width";i:845;s:6:"height";i:684;s:9:"mime-type";s:10:"image/jpeg";}s:8:"magazine";a:4:{s:4:"file";s:16:"bear-710x375.jpg";s:5:"width";i:710;s:6:"height";i:375;s:9:"mime-type";s:10:"image/jpeg";}s:7:"masonry";a:4:{s:4:"file";s:16:"bear-705x469.jpg";s:5:"width";i:705;s:6:"height";i:469;s:9:"mime-type";s:10:"image/jpeg";}s:18:"entry_with_sidebar";a:4:{s:4:"file";s:16:"bear-845x321.jpg";s:5:"width";i:845;s:6:"height";i:321;s:9:"mime-type";s:10:"image/jpeg";}s:21:"entry_without_sidebar";a:4:{s:4:"file";s:17:"bear-1210x423.jpg";s:5:"width";i:1210;s:6:"height";i:423;s:9:"mime-type";s:10:"image/jpeg";}s:14:"shop_thumbnail";a:4:{s:4:"file";s:16:"bear-120x120.jpg";s:5:"width";i:120;s:6:"height";i:120;s:9:"mime-type";s:10:"image/jpeg";}s:12:"shop_catalog";a:4:{s:4:"file";s:16:"bear-450x450.jpg";s:5:"width";i:450;s:6:"height";i:450;s:9:"mime-type";s:10:"image/jpeg";}s:11:"shop_single";a:4:{s:4:"file";s:16:"bear-450x299.jpg";s:5:"width";i:450;s:6:"height";i:299;s:9:"mime-type";s:10:"image/jpeg";}}s:10:"image_meta";a:10:{s:8:"aperture";d:8;s:6:"credit";s:0:"";s:6:"camera";s:14:"Canon EOS 500D";s:7:"caption";s:0:"";s:17:"created_timestamp";i:1407861267;s:9:"copyright";s:0:"";s:12:"focal_length";s:3:"250";s:3:"iso";s:3:"400";s:13:"shutter_speed";s:5:"0.002";s:5:"title";s:0:"";}}]]></wp:meta_value>
		</wp:postmeta>
		<wp:postmeta>
			<wp:meta_key>_wp_attached_file</wp:meta_key>
			<wp:meta_value><![CDATA[2013/01/bear.jpg]]></wp:meta_value>
		</wp:postmeta>
	</item>
	<item>
				<title>coffee</title>
		<link>http://www.kriesi.at/themes/enfold-blog/2013/01/24/a-small-gallery/coffee/</link>
		<pubDate>Wed, 17 Sep 2014 20:19:47 +0000</pubDate>
		<dc:creator><![CDATA[Kriesi]]></dc:creator>
		<guid isPermaLink="false">http://www.kriesi.at/themes/enfold-blog/files/2013/01/coffee.jpg</guid>
		<description></description>
		<content:encoded><![CDATA[]]></content:encoded>
		<excerpt:encoded><![CDATA[Some coffee]]></excerpt:encoded>
		<wp:post_id>69</wp:post_id>
		<wp:post_date>2014-09-17 20:19:47</wp:post_date>
		<wp:post_date_gmt>2014-09-17 20:19:47</wp:post_date_gmt>
		<wp:comment_status>open</wp:comment_status>
		<wp:ping_status>open</wp:ping_status>
		<wp:post_name>coffee</wp:post_name>
		<wp:status>inherit</wp:status>
		<wp:post_parent>40</wp:post_parent>
		<wp:menu_order>0</wp:menu_order>
		<wp:post_type>attachment</wp:post_type>
		<wp:post_password></wp:post_password>
		<wp:is_sticky>0</wp:is_sticky>
		<wp:attachment_url>http://www.kriesi.at/themes/enfold-blog/files/2013/01/coffee.jpg</wp:attachment_url>
		<wp:postmeta>
			<wp:meta_key>_wp_attached_file</wp:meta_key>
			<wp:meta_value><![CDATA[2013/01/coffee.jpg]]></wp:meta_value>
		</wp:postmeta>
		<wp:postmeta>
			<wp:meta_key>_wp_attachment_metadata</wp:meta_key>
			<wp:meta_value><![CDATA[a:5:{s:5:"width";i:1280;s:6:"height";i:853;s:4:"file";s:18:"2013/01/coffee.jpg";s:5:"sizes";a:17:{s:9:"thumbnail";a:4:{s:4:"file";s:16:"coffee-80x80.jpg";s:5:"width";i:80;s:6:"height";i:80;s:9:"mime-type";s:10:"image/jpeg";}s:6:"medium";a:4:{s:4:"file";s:18:"coffee-300x199.jpg";s:5:"width";i:300;s:6:"height";i:199;s:9:"mime-type";s:10:"image/jpeg";}s:5:"large";a:4:{s:4:"file";s:19:"coffee-1030x686.jpg";s:5:"width";i:1030;s:6:"height";i:686;s:9:"mime-type";s:10:"image/jpeg";}s:6:"widget";a:4:{s:4:"file";s:16:"coffee-36x36.jpg";s:5:"width";i:36;s:6:"height";i:36;s:9:"mime-type";s:10:"image/jpeg";}s:6:"square";a:4:{s:4:"file";s:18:"coffee-180x180.jpg";s:5:"width";i:180;s:6:"height";i:180;s:9:"mime-type";s:10:"image/jpeg";}s:8:"featured";a:4:{s:4:"file";s:19:"coffee-1280x430.jpg";s:5:"width";i:1280;s:6:"height";i:430;s:9:"mime-type";s:10:"image/jpeg";}s:14:"featured_large";a:4:{s:4:"file";s:19:"coffee-1280x630.jpg";s:5:"width";i:1280;s:6:"height";i:630;s:9:"mime-type";s:10:"image/jpeg";}s:9:"portfolio";a:4:{s:4:"file";s:18:"coffee-495x400.jpg";s:5:"width";i:495;s:6:"height";i:400;s:9:"mime-type";s:10:"image/jpeg";}s:15:"portfolio_small";a:4:{s:4:"file";s:18:"coffee-260x185.jpg";s:5:"width";i:260;s:6:"height";i:185;s:9:"mime-type";s:10:"image/jpeg";}s:7:"gallery";a:4:{s:4:"file";s:18:"coffee-845x684.jpg";s:5:"width";i:845;s:6:"height";i:684;s:9:"mime-type";s:10:"image/jpeg";}s:8:"magazine";a:4:{s:4:"file";s:18:"coffee-710x375.jpg";s:5:"width";i:710;s:6:"height";i:375;s:9:"mime-type";s:10:"image/jpeg";}s:7:"masonry";a:4:{s:4:"file";s:18:"coffee-705x469.jpg";s:5:"width";i:705;s:6:"height";i:469;s:9:"mime-type";s:10:"image/jpeg";}s:18:"entry_with_sidebar";a:4:{s:4:"file";s:18:"coffee-845x321.jpg";s:5:"width";i:845;s:6:"height";i:321;s:9:"mime-type";s:10:"image/jpeg";}s:21:"entry_without_sidebar";a:4:{s:4:"file";s:19:"coffee-1210x423.jpg";s:5:"width";i:1210;s:6:"height";i:423;s:9:"mime-type";s:10:"image/jpeg";}s:14:"shop_thumbnail";a:4:{s:4:"file";s:18:"coffee-120x120.jpg";s:5:"width";i:120;s:6:"height";i:120;s:9:"mime-type";s:10:"image/jpeg";}s:12:"shop_catalog";a:4:{s:4:"file";s:18:"coffee-450x450.jpg";s:5:"width";i:450;s:6:"height";i:450;s:9:"mime-type";s:10:"image/jpeg";}s:11:"shop_single";a:4:{s:4:"file";s:18:"coffee-450x299.jpg";s:5:"width";i:450;s:6:"height";i:299;s:9:"mime-type";s:10:"image/jpeg";}}s:10:"image_meta";a:10:{s:8:"aperture";d:2.20000000000000017763568394002504646778106689453125;s:6:"credit";s:0:"";s:6:"camera";s:20:"Canon EOS 5D Mark II";s:7:"caption";s:0:"";s:17:"created_timestamp";i:1407406481;s:9:"copyright";s:0:"";s:12:"focal_length";s:2:"50";s:3:"iso";s:3:"400";s:13:"shutter_speed";s:7:"0.00625";s:5:"title";s:0:"";}}]]></wp:meta_value>
		</wp:postmeta>
	</item>
	<item>
				<title>girl</title>
		<link>http://www.kriesi.at/themes/enfold-blog/2013/01/24/a-small-gallery/girl/</link>
		<pubDate>Wed, 17 Sep 2014 20:19:48 +0000</pubDate>
		<dc:creator><![CDATA[Kriesi]]></dc:creator>
		<guid isPermaLink="false">http://www.kriesi.at/themes/enfold-blog/files/2013/01/girl.jpg</guid>
		<description></description>
		<content:encoded><![CDATA[]]></content:encoded>
		<excerpt:encoded><![CDATA[My new sun glasses]]></excerpt:encoded>
		<wp:post_id>70</wp:post_id>
		<wp:post_date>2014-09-17 20:19:48</wp:post_date>
		<wp:post_date_gmt>2014-09-17 20:19:48</wp:post_date_gmt>
		<wp:comment_status>open</wp:comment_status>
		<wp:ping_status>open</wp:ping_status>
		<wp:post_name>girl</wp:post_name>
		<wp:status>inherit</wp:status>
		<wp:post_parent>40</wp:post_parent>
		<wp:menu_order>0</wp:menu_order>
		<wp:post_type>attachment</wp:post_type>
		<wp:post_password></wp:post_password>
		<wp:is_sticky>0</wp:is_sticky>
		<wp:attachment_url>http://www.kriesi.at/themes/enfold-blog/files/2013/01/girl.jpg</wp:attachment_url>
		<wp:postmeta>
			<wp:meta_key>_wp_attached_file</wp:meta_key>
			<wp:meta_value><![CDATA[2013/01/girl.jpg]]></wp:meta_value>
		</wp:postmeta>
		<wp:postmeta>
			<wp:meta_key>_wp_attachment_metadata</wp:meta_key>
			<wp:meta_value><![CDATA[a:5:{s:5:"width";i:1280;s:6:"height";i:853;s:4:"file";s:16:"2013/01/girl.jpg";s:5:"sizes";a:17:{s:9:"thumbnail";a:4:{s:4:"file";s:14:"girl-80x80.jpg";s:5:"width";i:80;s:6:"height";i:80;s:9:"mime-type";s:10:"image/jpeg";}s:6:"medium";a:4:{s:4:"file";s:16:"girl-300x199.jpg";s:5:"width";i:300;s:6:"height";i:199;s:9:"mime-type";s:10:"image/jpeg";}s:5:"large";a:4:{s:4:"file";s:17:"girl-1030x686.jpg";s:5:"width";i:1030;s:6:"height";i:686;s:9:"mime-type";s:10:"image/jpeg";}s:6:"widget";a:4:{s:4:"file";s:14:"girl-36x36.jpg";s:5:"width";i:36;s:6:"height";i:36;s:9:"mime-type";s:10:"image/jpeg";}s:6:"square";a:4:{s:4:"file";s:16:"girl-180x180.jpg";s:5:"width";i:180;s:6:"height";i:180;s:9:"mime-type";s:10:"image/jpeg";}s:8:"featured";a:4:{s:4:"file";s:17:"girl-1280x430.jpg";s:5:"width";i:1280;s:6:"height";i:430;s:9:"mime-type";s:10:"image/jpeg";}s:14:"featured_large";a:4:{s:4:"file";s:17:"girl-1280x630.jpg";s:5:"width";i:1280;s:6:"height";i:630;s:9:"mime-type";s:10:"image/jpeg";}s:9:"portfolio";a:4:{s:4:"file";s:16:"girl-495x400.jpg";s:5:"width";i:495;s:6:"height";i:400;s:9:"mime-type";s:10:"image/jpeg";}s:15:"portfolio_small";a:4:{s:4:"file";s:16:"girl-260x185.jpg";s:5:"width";i:260;s:6:"height";i:185;s:9:"mime-type";s:10:"image/jpeg";}s:7:"gallery";a:4:{s:4:"file";s:16:"girl-845x684.jpg";s:5:"width";i:845;s:6:"height";i:684;s:9:"mime-type";s:10:"image/jpeg";}s:8:"magazine";a:4:{s:4:"file";s:16:"girl-710x375.jpg";s:5:"width";i:710;s:6:"height";i:375;s:9:"mime-type";s:10:"image/jpeg";}s:7:"masonry";a:4:{s:4:"file";s:16:"girl-705x469.jpg";s:5:"width";i:705;s:6:"height";i:469;s:9:"mime-type";s:10:"image/jpeg";}s:18:"entry_with_sidebar";a:4:{s:4:"file";s:16:"girl-845x321.jpg";s:5:"width";i:845;s:6:"height";i:321;s:9:"mime-type";s:10:"image/jpeg";}s:21:"entry_without_sidebar";a:4:{s:4:"file";s:17:"girl-1210x423.jpg";s:5:"width";i:1210;s:6:"height";i:423;s:9:"mime-type";s:10:"image/jpeg";}s:14:"shop_thumbnail";a:4:{s:4:"file";s:16:"girl-120x120.jpg";s:5:"width";i:120;s:6:"height";i:120;s:9:"mime-type";s:10:"image/jpeg";}s:12:"shop_catalog";a:4:{s:4:"file";s:16:"girl-450x450.jpg";s:5:"width";i:450;s:6:"height";i:450;s:9:"mime-type";s:10:"image/jpeg";}s:11:"shop_single";a:4:{s:4:"file";s:16:"girl-450x299.jpg";s:5:"width";i:450;s:6:"height";i:299;s:9:"mime-type";s:10:"image/jpeg";}}s:10:"image_meta";a:10:{s:8:"aperture";d:5;s:6:"credit";s:0:"";s:6:"camera";s:6:"NEX-5N";s:7:"caption";s:0:"";s:17:"created_timestamp";i:1372623988;s:9:"copyright";s:0:"";s:12:"focal_length";s:2:"84";s:3:"iso";s:3:"100";s:13:"shutter_speed";s:6:"0.0125";s:5:"title";s:0:"";}}]]></wp:meta_value>
		</wp:postmeta>
	</item>
	<item>
				<title>girl2</title>
		<link>http://www.kriesi.at/themes/enfold-blog/2013/01/24/a-small-gallery/girl2/</link>
		<pubDate>Wed, 17 Sep 2014 20:19:49 +0000</pubDate>
		<dc:creator><![CDATA[Kriesi]]></dc:creator>
		<guid isPermaLink="false">http://www.kriesi.at/themes/enfold-blog/files/2013/01/girl2.jpg</guid>
		<description></description>
		<content:encoded><![CDATA[]]></content:encoded>
		<excerpt:encoded><![CDATA[Me in the sund]]></excerpt:encoded>
		<wp:post_id>71</wp:post_id>
		<wp:post_date>2014-09-17 20:19:49</wp:post_date>
		<wp:post_date_gmt>2014-09-17 20:19:49</wp:post_date_gmt>
		<wp:comment_status>open</wp:comment_status>
		<wp:ping_status>open</wp:ping_status>
		<wp:post_name>girl2</wp:post_name>
		<wp:status>inherit</wp:status>
		<wp:post_parent>40</wp:post_parent>
		<wp:menu_order>0</wp:menu_order>
		<wp:post_type>attachment</wp:post_type>
		<wp:post_password></wp:post_password>
		<wp:is_sticky>0</wp:is_sticky>
		<wp:attachment_url>http://www.kriesi.at/themes/enfold-blog/files/2013/01/girl2.jpg</wp:attachment_url>
		<wp:postmeta>
			<wp:meta_key>_wp_attached_file</wp:meta_key>
			<wp:meta_value><![CDATA[2013/01/girl2.jpg]]></wp:meta_value>
		</wp:postmeta>
		<wp:postmeta>
			<wp:meta_key>_wp_attachment_metadata</wp:meta_key>
			<wp:meta_value><![CDATA[a:5:{s:5:"width";i:1280;s:6:"height";i:851;s:4:"file";s:17:"2013/01/girl2.jpg";s:5:"sizes";a:17:{s:9:"thumbnail";a:4:{s:4:"file";s:15:"girl2-80x80.jpg";s:5:"width";i:80;s:6:"height";i:80;s:9:"mime-type";s:10:"image/jpeg";}s:6:"medium";a:4:{s:4:"file";s:17:"girl2-300x199.jpg";s:5:"width";i:300;s:6:"height";i:199;s:9:"mime-type";s:10:"image/jpeg";}s:5:"large";a:4:{s:4:"file";s:18:"girl2-1030x684.jpg";s:5:"width";i:1030;s:6:"height";i:684;s:9:"mime-type";s:10:"image/jpeg";}s:6:"widget";a:4:{s:4:"file";s:15:"girl2-36x36.jpg";s:5:"width";i:36;s:6:"height";i:36;s:9:"mime-type";s:10:"image/jpeg";}s:6:"square";a:4:{s:4:"file";s:17:"girl2-180x180.jpg";s:5:"width";i:180;s:6:"height";i:180;s:9:"mime-type";s:10:"image/jpeg";}s:8:"featured";a:4:{s:4:"file";s:18:"girl2-1280x430.jpg";s:5:"width";i:1280;s:6:"height";i:430;s:9:"mime-type";s:10:"image/jpeg";}s:14:"featured_large";a:4:{s:4:"file";s:18:"girl2-1280x630.jpg";s:5:"width";i:1280;s:6:"height";i:630;s:9:"mime-type";s:10:"image/jpeg";}s:9:"portfolio";a:4:{s:4:"file";s:17:"girl2-495x400.jpg";s:5:"width";i:495;s:6:"height";i:400;s:9:"mime-type";s:10:"image/jpeg";}s:15:"portfolio_small";a:4:{s:4:"file";s:17:"girl2-260x185.jpg";s:5:"width";i:260;s:6:"height";i:185;s:9:"mime-type";s:10:"image/jpeg";}s:7:"gallery";a:4:{s:4:"file";s:17:"girl2-845x684.jpg";s:5:"width";i:845;s:6:"height";i:684;s:9:"mime-type";s:10:"image/jpeg";}s:8:"magazine";a:4:{s:4:"file";s:17:"girl2-710x375.jpg";s:5:"width";i:710;s:6:"height";i:375;s:9:"mime-type";s:10:"image/jpeg";}s:7:"masonry";a:4:{s:4:"file";s:17:"girl2-705x468.jpg";s:5:"width";i:705;s:6:"height";i:468;s:9:"mime-type";s:10:"image/jpeg";}s:18:"entry_with_sidebar";a:4:{s:4:"file";s:17:"girl2-845x321.jpg";s:5:"width";i:845;s:6:"height";i:321;s:9:"mime-type";s:10:"image/jpeg";}s:21:"entry_without_sidebar";a:4:{s:4:"file";s:18:"girl2-1210x423.jpg";s:5:"width";i:1210;s:6:"height";i:423;s:9:"mime-type";s:10:"image/jpeg";}s:14:"shop_thumbnail";a:4:{s:4:"file";s:17:"girl2-120x120.jpg";s:5:"width";i:120;s:6:"height";i:120;s:9:"mime-type";s:10:"image/jpeg";}s:12:"shop_catalog";a:4:{s:4:"file";s:17:"girl2-450x450.jpg";s:5:"width";i:450;s:6:"height";i:450;s:9:"mime-type";s:10:"image/jpeg";}s:11:"shop_single";a:4:{s:4:"file";s:17:"girl2-450x299.jpg";s:5:"width";i:450;s:6:"height";i:299;s:9:"mime-type";s:10:"image/jpeg";}}s:10:"image_meta";a:10:{s:8:"aperture";d:5.5999999999999996447286321199499070644378662109375;s:6:"credit";s:0:"";s:6:"camera";s:6:"NEX-5N";s:7:"caption";s:0:"";s:17:"created_timestamp";i:1372625299;s:9:"copyright";s:0:"";s:12:"focal_length";s:2:"55";s:3:"iso";s:3:"400";s:13:"shutter_speed";s:7:"0.00625";s:5:"title";s:0:"";}}]]></wp:meta_value>
		</wp:postmeta>
	</item>
	<item>
				<title>skateborder_miles</title>
		<link>http://www.kriesi.at/themes/enfold-blog/2013/01/24/a-small-gallery/skateborder_miles/</link>
		<pubDate>Wed, 17 Sep 2014 20:19:52 +0000</pubDate>
		<dc:creator><![CDATA[Kriesi]]></dc:creator>
		<guid isPermaLink="false">http://www.kriesi.at/themes/enfold-blog/files/2013/01/skateborder_miles.jpg</guid>
		<description></description>
		<content:encoded><![CDATA[]]></content:encoded>
		<excerpt:encoded><![CDATA[Miles rocking the deck]]></excerpt:encoded>
		<wp:post_id>72</wp:post_id>
		<wp:post_date>2014-09-17 20:19:52</wp:post_date>
		<wp:post_date_gmt>2014-09-17 20:19:52</wp:post_date_gmt>
		<wp:comment_status>open</wp:comment_status>
		<wp:ping_status>open</wp:ping_status>
		<wp:post_name>skateborder_miles</wp:post_name>
		<wp:status>inherit</wp:status>
		<wp:post_parent>40</wp:post_parent>
		<wp:menu_order>0</wp:menu_order>
		<wp:post_type>attachment</wp:post_type>
		<wp:post_password></wp:post_password>
		<wp:is_sticky>0</wp:is_sticky>
		<wp:attachment_url>http://www.kriesi.at/themes/enfold-blog/files/2013/01/skateborder_miles.jpg</wp:attachment_url>
		<wp:postmeta>
			<wp:meta_key>_wp_attached_file</wp:meta_key>
			<wp:meta_value><![CDATA[2013/01/skateborder_miles.jpg]]></wp:meta_value>
		</wp:postmeta>
		<wp:postmeta>
			<wp:meta_key>_wp_attachment_metadata</wp:meta_key>
			<wp:meta_value><![CDATA[a:5:{s:5:"width";i:1280;s:6:"height";i:848;s:4:"file";s:29:"2013/01/skateborder_miles.jpg";s:5:"sizes";a:17:{s:9:"thumbnail";a:4:{s:4:"file";s:27:"skateborder_miles-80x80.jpg";s:5:"width";i:80;s:6:"height";i:80;s:9:"mime-type";s:10:"image/jpeg";}s:6:"medium";a:4:{s:4:"file";s:29:"skateborder_miles-300x198.jpg";s:5:"width";i:300;s:6:"height";i:198;s:9:"mime-type";s:10:"image/jpeg";}s:5:"large";a:4:{s:4:"file";s:30:"skateborder_miles-1030x682.jpg";s:5:"width";i:1030;s:6:"height";i:682;s:9:"mime-type";s:10:"image/jpeg";}s:6:"widget";a:4:{s:4:"file";s:27:"skateborder_miles-36x36.jpg";s:5:"width";i:36;s:6:"height";i:36;s:9:"mime-type";s:10:"image/jpeg";}s:6:"square";a:4:{s:4:"file";s:29:"skateborder_miles-180x180.jpg";s:5:"width";i:180;s:6:"height";i:180;s:9:"mime-type";s:10:"image/jpeg";}s:8:"featured";a:4:{s:4:"file";s:30:"skateborder_miles-1280x430.jpg";s:5:"width";i:1280;s:6:"height";i:430;s:9:"mime-type";s:10:"image/jpeg";}s:14:"featured_large";a:4:{s:4:"file";s:30:"skateborder_miles-1280x630.jpg";s:5:"width";i:1280;s:6:"height";i:630;s:9:"mime-type";s:10:"image/jpeg";}s:9:"portfolio";a:4:{s:4:"file";s:29:"skateborder_miles-495x400.jpg";s:5:"width";i:495;s:6:"height";i:400;s:9:"mime-type";s:10:"image/jpeg";}s:15:"portfolio_small";a:4:{s:4:"file";s:29:"skateborder_miles-260x185.jpg";s:5:"width";i:260;s:6:"height";i:185;s:9:"mime-type";s:10:"image/jpeg";}s:7:"gallery";a:4:{s:4:"file";s:29:"skateborder_miles-845x684.jpg";s:5:"width";i:845;s:6:"height";i:684;s:9:"mime-type";s:10:"image/jpeg";}s:8:"magazine";a:4:{s:4:"file";s:29:"skateborder_miles-710x375.jpg";s:5:"width";i:710;s:6:"height";i:375;s:9:"mime-type";s:10:"image/jpeg";}s:7:"masonry";a:4:{s:4:"file";s:29:"skateborder_miles-705x467.jpg";s:5:"width";i:705;s:6:"height";i:467;s:9:"mime-type";s:10:"image/jpeg";}s:18:"entry_with_sidebar";a:4:{s:4:"file";s:29:"skateborder_miles-845x321.jpg";s:5:"width";i:845;s:6:"height";i:321;s:9:"mime-type";s:10:"image/jpeg";}s:21:"entry_without_sidebar";a:4:{s:4:"file";s:30:"skateborder_miles-1210x423.jpg";s:5:"width";i:1210;s:6:"height";i:423;s:9:"mime-type";s:10:"image/jpeg";}s:14:"shop_thumbnail";a:4:{s:4:"file";s:29:"skateborder_miles-120x120.jpg";s:5:"width";i:120;s:6:"height";i:120;s:9:"mime-type";s:10:"image/jpeg";}s:12:"shop_catalog";a:4:{s:4:"file";s:29:"skateborder_miles-450x450.jpg";s:5:"width";i:450;s:6:"height";i:450;s:9:"mime-type";s:10:"image/jpeg";}s:11:"shop_single";a:4:{s:4:"file";s:29:"skateborder_miles-450x298.jpg";s:5:"width";i:450;s:6:"height";i:298;s:9:"mime-type";s:10:"image/jpeg";}}s:10:"image_meta";a:10:{s:8:"aperture";d:8;s:6:"credit";s:0:"";s:6:"camera";s:13:"PENTAX K-5 II";s:7:"caption";s:0:"";s:17:"created_timestamp";i:1394756137;s:9:"copyright";s:0:"";s:12:"focal_length";s:2:"30";s:3:"iso";s:3:"400";s:13:"shutter_speed";s:6:"0.0004";s:5:"title";s:0:"";}}]]></wp:meta_value>
		</wp:postmeta>
	</item>
	<item>
				<title>logo_blog</title>
		<link>http://www.kriesi.at/themes/enfold-blog/2013/01/24/a-small-gallery/logo_blog/</link>
		<pubDate>Wed, 17 Sep 2014 20:26:29 +0000</pubDate>
		<dc:creator><![CDATA[Kriesi]]></dc:creator>
		<guid isPermaLink="false">http://www.kriesi.at/themes/enfold-blog/files/2013/01/logo_blog.png</guid>
		<description></description>
		<content:encoded><![CDATA[]]></content:encoded>
		<excerpt:encoded><![CDATA[]]></excerpt:encoded>
		<wp:post_id>74</wp:post_id>
		<wp:post_date>2014-09-17 20:26:29</wp:post_date>
		<wp:post_date_gmt>2014-09-17 20:26:29</wp:post_date_gmt>
		<wp:comment_status>open</wp:comment_status>
		<wp:ping_status>open</wp:ping_status>
		<wp:post_name>logo_blog</wp:post_name>
		<wp:status>inherit</wp:status>
		<wp:post_parent>40</wp:post_parent>
		<wp:menu_order>0</wp:menu_order>
		<wp:post_type>attachment</wp:post_type>
		<wp:post_password></wp:post_password>
		<wp:is_sticky>0</wp:is_sticky>
		<wp:attachment_url>http://www.kriesi.at/themes/enfold-blog/files/2013/01/logo_blog.png</wp:attachment_url>
		<wp:postmeta>
			<wp:meta_key>_wp_attached_file</wp:meta_key>
			<wp:meta_value><![CDATA[2013/01/logo_blog.png]]></wp:meta_value>
		</wp:postmeta>
		<wp:postmeta>
			<wp:meta_key>_wp_attachment_metadata</wp:meta_key>
			<wp:meta_value><![CDATA[a:5:{s:5:"width";i:450;s:6:"height";i:373;s:4:"file";s:21:"2013/01/logo_blog.png";s:5:"sizes";a:7:{s:9:"thumbnail";a:4:{s:4:"file";s:19:"logo_blog-80x80.png";s:5:"width";i:80;s:6:"height";i:80;s:9:"mime-type";s:9:"image/png";}s:6:"medium";a:4:{s:4:"file";s:21:"logo_blog-300x248.png";s:5:"width";i:300;s:6:"height";i:248;s:9:"mime-type";s:9:"image/png";}s:6:"widget";a:4:{s:4:"file";s:19:"logo_blog-36x36.png";s:5:"width";i:36;s:6:"height";i:36;s:9:"mime-type";s:9:"image/png";}s:6:"square";a:4:{s:4:"file";s:21:"logo_blog-180x180.png";s:5:"width";i:180;s:6:"height";i:180;s:9:"mime-type";s:9:"image/png";}s:15:"portfolio_small";a:4:{s:4:"file";s:21:"logo_blog-260x185.png";s:5:"width";i:260;s:6:"height";i:185;s:9:"mime-type";s:9:"image/png";}s:18:"entry_with_sidebar";a:4:{s:4:"file";s:21:"logo_blog-450x321.png";s:5:"width";i:450;s:6:"height";i:321;s:9:"mime-type";s:9:"image/png";}s:14:"shop_thumbnail";a:4:{s:4:"file";s:21:"logo_blog-120x120.png";s:5:"width";i:120;s:6:"height";i:120;s:9:"mime-type";s:9:"image/png";}}s:10:"image_meta";a:10:{s:8:"aperture";i:0;s:6:"credit";s:0:"";s:6:"camera";s:0:"";s:7:"caption";s:0:"";s:17:"created_timestamp";i:0;s:9:"copyright";s:0:"";s:12:"focal_length";i:0;s:3:"iso";i:0;s:13:"shutter_speed";i:0;s:5:"title";s:0:"";}}]]></wp:meta_value>
		</wp:postmeta>
	</item>
	<item>
				<title>Sample Page</title>
		<link>http://www.kriesi.at/themes/enfold-blog/sample-page/</link>
		<pubDate>Wed, 17 Sep 2014 20:09:42 +0000</pubDate>
		<dc:creator><![CDATA[Kriesi]]></dc:creator>
		<guid isPermaLink="false">http://www.kriesi.at/themes/enfold-blog/?page_id=2</guid>
		<description></description>
		<content:encoded><![CDATA[This is an example page. It's different from a blog post because it will stay in one place and will show up in your site navigation (in most themes). Most people start with an About page that introduces them to potential site visitors. It might say something like this:

<blockquote>Hi there! I'm a bike messenger by day, aspiring actor by night, and this is my blog. I live in Los Angeles, have a great dog named Jack, and I like pi&#241;a coladas. (And gettin' caught in the rain.)</blockquote>

...or something like this:

<blockquote>The XYZ Doohickey Company was founded in 1971, and has been providing quality doohickeys to the public ever since. Located in Gotham City, XYZ employs over 2,000 people and does all kinds of awesome things for the Gotham community.</blockquote>

As a new WordPress user, you should go to <a href="http://www.kriesi.at/themes/enfold-blog/wp-admin/">your dashboard</a> to delete this page and create new pages for your content. Have fun!]]></content:encoded>
		<excerpt:encoded><![CDATA[]]></excerpt:encoded>
		<wp:post_id>2</wp:post_id>
		<wp:post_date>2014-09-17 20:09:42</wp:post_date>
		<wp:post_date_gmt>2014-09-17 20:09:42</wp:post_date_gmt>
		<wp:comment_status>open</wp:comment_status>
		<wp:ping_status>open</wp:ping_status>
		<wp:post_name>sample-page</wp:post_name>
		<wp:status>publish</wp:status>
		<wp:post_parent>0</wp:post_parent>
		<wp:menu_order>0</wp:menu_order>
		<wp:post_type>page</wp:post_type>
		<wp:post_password></wp:post_password>
		<wp:is_sticky>0</wp:is_sticky>
		<wp:postmeta>
			<wp:meta_key>_wp_page_template</wp:meta_key>
			<wp:meta_value><![CDATA[default]]></wp:meta_value>
		</wp:postmeta>
	</item>
	<item>
				<title>Hello World!</title>
		<link>http://www.kriesi.at/themes/enfold-blog/forums/topic/hello-world/</link>
		<pubDate>Wed, 17 Sep 2014 20:09:43 +0000</pubDate>
		<dc:creator><![CDATA[Kriesi]]></dc:creator>
		<guid isPermaLink="false">http://www.kriesi.at/themes/enfold-blog/forums/topic/hello-world/</guid>
		<description></description>
		<content:encoded><![CDATA[I am the first topic in your new forums.]]></content:encoded>
		<excerpt:encoded><![CDATA[]]></excerpt:encoded>
		<wp:post_id>4</wp:post_id>
		<wp:post_date>2014-09-17 20:09:43</wp:post_date>
		<wp:post_date_gmt>2014-09-17 20:09:43</wp:post_date_gmt>
		<wp:comment_status>closed</wp:comment_status>
		<wp:ping_status>open</wp:ping_status>
		<wp:post_name>hello-world</wp:post_name>
		<wp:status>publish</wp:status>
		<wp:post_parent>3</wp:post_parent>
		<wp:menu_order>0</wp:menu_order>
		<wp:post_type>topic</wp:post_type>
		<wp:post_password></wp:post_password>
		<wp:is_sticky>0</wp:is_sticky>
		<wp:postmeta>
			<wp:meta_key>_bbp_author_ip</wp:meta_key>
			<wp:meta_value><![CDATA[84.113.200.41]]></wp:meta_value>
		</wp:postmeta>
		<wp:postmeta>
			<wp:meta_key>_bbp_forum_id</wp:meta_key>
			<wp:meta_value><![CDATA[3]]></wp:meta_value>
		</wp:postmeta>
		<wp:postmeta>
			<wp:meta_key>_bbp_topic_id</wp:meta_key>
			<wp:meta_value><![CDATA[4]]></wp:meta_value>
		</wp:postmeta>
		<wp:postmeta>
			<wp:meta_key>_bbp_voice_count</wp:meta_key>
			<wp:meta_value><![CDATA[1]]></wp:meta_value>
		</wp:postmeta>
		<wp:postmeta>
			<wp:meta_key>_bbp_reply_count</wp:meta_key>
			<wp:meta_value><![CDATA[1]]></wp:meta_value>
		</wp:postmeta>
		<wp:postmeta>
			<wp:meta_key>_bbp_reply_count_hidden</wp:meta_key>
			<wp:meta_value><![CDATA[0]]></wp:meta_value>
		</wp:postmeta>
		<wp:postmeta>
			<wp:meta_key>_bbp_last_reply_id</wp:meta_key>
			<wp:meta_value><![CDATA[5]]></wp:meta_value>
		</wp:postmeta>
		<wp:postmeta>
			<wp:meta_key>_bbp_last_active_id</wp:meta_key>
			<wp:meta_value><![CDATA[4]]></wp:meta_value>
		</wp:postmeta>
		<wp:postmeta>
			<wp:meta_key>_bbp_last_active_time</wp:meta_key>
			<wp:meta_value><![CDATA[2014-09-17 20:09:43]]></wp:meta_value>
		</wp:postmeta>
	</item>
	<item>
				<title>Re: Hello World!</title>
		<link>http://www.kriesi.at/themes/enfold-blog/forums/reply/re-hello-world/</link>
		<pubDate>Wed, 17 Sep 2014 20:09:43 +0000</pubDate>
		<dc:creator><![CDATA[Kriesi]]></dc:creator>
		<guid isPermaLink="false">http://www.kriesi.at/themes/enfold-blog/forums/reply/re-hello-world/</guid>
		<description></description>
		<content:encoded><![CDATA[Oh, and this is what a reply looks like.]]></content:encoded>
		<excerpt:encoded><![CDATA[]]></excerpt:encoded>
		<wp:post_id>5</wp:post_id>
		<wp:post_date>2014-09-17 20:09:43</wp:post_date>
		<wp:post_date_gmt>2014-09-17 20:09:43</wp:post_date_gmt>
		<wp:comment_status>closed</wp:comment_status>
		<wp:ping_status>open</wp:ping_status>
		<wp:post_name>re-hello-world</wp:post_name>
		<wp:status>publish</wp:status>
		<wp:post_parent>4</wp:post_parent>
		<wp:menu_order>0</wp:menu_order>
		<wp:post_type>reply</wp:post_type>
		<wp:post_password></wp:post_password>
		<wp:is_sticky>0</wp:is_sticky>
		<wp:postmeta>
			<wp:meta_key>_bbp_author_ip</wp:meta_key>
			<wp:meta_value><![CDATA[84.113.200.41]]></wp:meta_value>
		</wp:postmeta>
		<wp:postmeta>
			<wp:meta_key>_bbp_forum_id</wp:meta_key>
			<wp:meta_value><![CDATA[3]]></wp:meta_value>
		</wp:postmeta>
		<wp:postmeta>
			<wp:meta_key>_bbp_topic_id</wp:meta_key>
			<wp:meta_value><![CDATA[4]]></wp:meta_value>
		</wp:postmeta>
	</item>
	<item>
				<title>About</title>
		<link>http://www.kriesi.at/themes/enfold-blog/about/</link>
		<pubDate>Sun, 24 Aug 2014 17:14:26 +0000</pubDate>
		<dc:creator><![CDATA[Kriesi]]></dc:creator>
		<guid isPermaLink="false">http://192.168.1.104/enfold-blog/?page_id=2</guid>
		<description></description>
		<content:encoded><![CDATA[[av_slideshow_full size='featured' stretch='' animation='fade' autoplay='true' interval='5' control_layout='av-control-minimal' src='' attachment='' attachment_size='' position='top left' repeat='no-repeat' attach='scroll' custom_class='']
[av_slide_full slide_type='image' id='70' video='http://' mobile_image='' video_format='' video_ratio='16:9' title='' custom_title_size='' custom_content_size='' caption_pos='caption_bottom' link_apply='' link='lightbox' link_target='' button_label='Click me' button_color='light' link1='manually,http://' link_target1='' button_label2='Click me' button_color2='light' link2='manually,http://' link_target2='' font_color='' custom_title='' custom_content=''][/av_slide_full]
[av_slide_full slide_type='image' id='71' video='http://' mobile_image='' video_format='' video_ratio='16:9' title='' custom_title_size='' custom_content_size='' caption_pos='caption_bottom' link_apply='' link='lightbox' link_target='' button_label='Click me' button_color='light' link1='manually,http://' link_target1='' button_label2='Click me' button_color2='light' link2='manually,http://' link_target2='' font_color='' custom_title='' custom_content=''][/av_slide_full]
[/av_slideshow_full]

[av_heading tag='h1' padding='10' heading='Hi, I am Emily' color='' style='' custom_font='' size='' subheading_active='' subheading_size='15' custom_class=''][/av_heading]

[av_textblock size='' font_color='' color='']
Lorem ipsum dolor sit amet, consectetuer adipiscing elit. Aenean commodo ligula eget dolor. Aenean massa. Cum sociis natoque penatibus et magnis dis parturient montes, nascetur ridiculus mus. Donec quam felis, ultricies nec, pellentesque eu, pretium quis, sem.
<blockquote>Nulla consequat massa quis enim. Donec pede justo, fringilla vel, aliquet nec, vulputate eget, arcu. In enim justo, rhoncus ut, imperdiet a, venenatis vitae, justo. Nullam dictum felis eu pede mollis pretium. Integer tincidunt. Cras dapibus. Vivamus elementum semper nisi.</blockquote>
Aenean vulputate eleifend tellus. Aenean leo ligula, porttitor eu, consequat vitae, eleifend ac, enim. Aliquam lorem ante, dapibus in, viverra quis, feugiat a, tellus. Phasellus viverra nulla ut metus varius laoreet. Quisque rutrum. Aenean imperdiet. Etiam ultricies nisi vel augue. Curabitur ullamcorper ultricies nisi. Nam eget dui. Etiam rhoncus. Maecenas tempus, tellus eget condimentum rhoncus, sem quam semper libero, sit amet adipiscing sem neque sed ipsum.
[/av_textblock]

[av_section color='main_color' custom_bg='' src='' attach='scroll' position='top left' repeat='no-repeat' video='' video_ratio='16:9' video_mobile_disabled='' min_height='' min_height_px='500px' padding='default' shadow='no-shadow' id='']
[av_one_half first]

[av_animated_numbers number='312' icon_select='av-icon-after' icon='ue836' font='entypo-fontello' color='' custom_color='#444444' font_size='' font_size_description='' link='' linktarget='no']
posts written
[/av_animated_numbers]

[/av_one_half][av_one_half]

[av_animated_numbers number='25400' icon_select='av-icon-after' icon='ue806' font='entypo-fontello' color='' custom_color='#444444' font_size='' font_size_description='' link='' linktarget='no']
visitors entertained
[/av_animated_numbers]

[/av_one_half]
[/av_section]]]></content:encoded>
		<excerpt:encoded><![CDATA[]]></excerpt:encoded>
		<wp:post_id>11</wp:post_id>
		<wp:post_date>2014-08-24 17:14:26</wp:post_date>
		<wp:post_date_gmt>2014-08-24 17:14:26</wp:post_date_gmt>
		<wp:comment_status>open</wp:comment_status>
		<wp:ping_status>open</wp:ping_status>
		<wp:post_name>about</wp:post_name>
		<wp:status>publish</wp:status>
		<wp:post_parent>0</wp:post_parent>
		<wp:menu_order>0</wp:menu_order>
		<wp:post_type>page</wp:post_type>
		<wp:post_password></wp:post_password>
		<wp:is_sticky>0</wp:is_sticky>
		<wp:postmeta>
			<wp:meta_key>_wp_page_template</wp:meta_key>
			<wp:meta_value><![CDATA[default]]></wp:meta_value>
		</wp:postmeta>
		<wp:postmeta>
			<wp:meta_key>_aviaLayoutBuilder_active</wp:meta_key>
			<wp:meta_value><![CDATA[active]]></wp:meta_value>
		</wp:postmeta>
		<wp:postmeta>
			<wp:meta_key>_aviaLayoutBuilderCleanData</wp:meta_key>
			<wp:meta_value><![CDATA[[av_slideshow_full size='featured' stretch='' animation='fade' autoplay='true' interval='5' control_layout='av-control-minimal' src='' attachment='' attachment_size='' position='top left' repeat='no-repeat' attach='scroll' custom_class='']
[av_slide_full slide_type='image' id='70' video='http://' mobile_image='' video_format='' video_ratio='16:9' title='' custom_title_size='' custom_content_size='' caption_pos='caption_bottom' link_apply='' link='lightbox' link_target='' button_label='Click me' button_color='light' link1='manually,http://' link_target1='' button_label2='Click me' button_color2='light' link2='manually,http://' link_target2='' font_color='' custom_title='' custom_content=''][/av_slide_full]
[av_slide_full slide_type='image' id='71' video='http://' mobile_image='' video_format='' video_ratio='16:9' title='' custom_title_size='' custom_content_size='' caption_pos='caption_bottom' link_apply='' link='lightbox' link_target='' button_label='Click me' button_color='light' link1='manually,http://' link_target1='' button_label2='Click me' button_color2='light' link2='manually,http://' link_target2='' font_color='' custom_title='' custom_content=''][/av_slide_full]
[/av_slideshow_full]

[av_heading tag='h1' padding='10' heading='Hi, I am Emily' color='' style='' custom_font='' size='' subheading_active='' subheading_size='15' custom_class=''][/av_heading]

[av_textblock size='' font_color='' color='']
Lorem ipsum dolor sit amet, consectetuer adipiscing elit. Aenean commodo ligula eget dolor. Aenean massa. Cum sociis natoque penatibus et magnis dis parturient montes, nascetur ridiculus mus. Donec quam felis, ultricies nec, pellentesque eu, pretium quis, sem.
<blockquote>Nulla consequat massa quis enim. Donec pede justo, fringilla vel, aliquet nec, vulputate eget, arcu. In enim justo, rhoncus ut, imperdiet a, venenatis vitae, justo. Nullam dictum felis eu pede mollis pretium. Integer tincidunt. Cras dapibus. Vivamus elementum semper nisi.</blockquote>
Aenean vulputate eleifend tellus. Aenean leo ligula, porttitor eu, consequat vitae, eleifend ac, enim. Aliquam lorem ante, dapibus in, viverra quis, feugiat a, tellus. Phasellus viverra nulla ut metus varius laoreet. Quisque rutrum. Aenean imperdiet. Etiam ultricies nisi vel augue. Curabitur ullamcorper ultricies nisi. Nam eget dui. Etiam rhoncus. Maecenas tempus, tellus eget condimentum rhoncus, sem quam semper libero, sit amet adipiscing sem neque sed ipsum.
[/av_textblock]

[av_section color='main_color' custom_bg='' src='' attach='scroll' position='top left' repeat='no-repeat' video='' video_ratio='16:9' video_mobile_disabled='' min_height='' min_height_px='500px' padding='default' shadow='no-shadow' id='']
[av_one_half first]

[av_animated_numbers number='312' icon_select='av-icon-after' icon='ue836' font='entypo-fontello' color='' custom_color='#444444' font_size='' font_size_description='' link='' linktarget='no']
posts written
[/av_animated_numbers]

[/av_one_half][av_one_half]

[av_animated_numbers number='25400' icon_select='av-icon-after' icon='ue806' font='entypo-fontello' color='' custom_color='#444444' font_size='' font_size_description='' link='' linktarget='no']
visitors entertained
[/av_animated_numbers]

[/av_one_half]
[/av_section]

]]></wp:meta_value>
		</wp:postmeta>
		<wp:postmeta>
			<wp:meta_key>_avia_builder_shortcode_tree</wp:meta_key>
			<wp:meta_value><![CDATA[a:4:{i:0;a:3:{s:3:"tag";s:17:"av_slideshow_full";s:7:"content";a:0:{}s:5:"index";i:0;}i:1;a:3:{s:3:"tag";s:10:"av_heading";s:7:"content";a:0:{}s:5:"index";i:1;}i:2;a:3:{s:3:"tag";s:12:"av_textblock";s:7:"content";a:0:{}s:5:"index";i:2;}i:3;a:3:{s:3:"tag";s:10:"av_section";s:7:"content";a:2:{i:0;a:3:{s:3:"tag";s:11:"av_one_half";s:7:"content";a:1:{i:0;a:3:{s:3:"tag";s:19:"av_animated_numbers";s:7:"content";a:0:{}s:5:"index";i:5;}}s:5:"index";i:4;}i:1;a:3:{s:3:"tag";s:11:"av_one_half";s:7:"content";a:1:{i:0;a:3:{s:3:"tag";s:19:"av_animated_numbers";s:7:"content";a:0:{}s:5:"index";i:7;}}s:5:"index";i:6;}}s:5:"index";i:3;}}]]></wp:meta_value>
		</wp:postmeta>
		<wp:postmeta>
			<wp:meta_key>layout</wp:meta_key>
			<wp:meta_value><![CDATA[]]></wp:meta_value>
		</wp:postmeta>
		<wp:postmeta>
			<wp:meta_key>sidebar</wp:meta_key>
			<wp:meta_value><![CDATA[]]></wp:meta_value>
		</wp:postmeta>
		<wp:postmeta>
			<wp:meta_key>footer</wp:meta_key>
			<wp:meta_value><![CDATA[]]></wp:meta_value>
		</wp:postmeta>
		<wp:postmeta>
			<wp:meta_key>header_title_bar</wp:meta_key>
			<wp:meta_value><![CDATA[]]></wp:meta_value>
		</wp:postmeta>
		<wp:postmeta>
			<wp:meta_key>header_transparency</wp:meta_key>
			<wp:meta_value><![CDATA[]]></wp:meta_value>
		</wp:postmeta>
		<wp:postmeta>
			<wp:meta_key>_avia_hide_featured_image</wp:meta_key>
			<wp:meta_value><![CDATA[0]]></wp:meta_value>
		</wp:postmeta>
		<wp:postmeta>
			<wp:meta_key>_edit_last</wp:meta_key>
			<wp:meta_value><![CDATA[1]]></wp:meta_value>
		</wp:postmeta>
	</item>
	<item>
				<title>Contact</title>
		<link>http://www.kriesi.at/themes/enfold-blog/contact/</link>
		<pubDate>Sun, 24 Aug 2014 17:28:24 +0000</pubDate>
		<dc:creator><![CDATA[Kriesi]]></dc:creator>
		<guid isPermaLink="false">http://192.168.1.104/enfold-blog/?page_id=13</guid>
		<description></description>
		<content:encoded><![CDATA[[av_heading tag='h1' padding='10' heading='Get in touch' color='' style='' custom_font='' size='' subheading_active='' subheading_size='15' custom_class=''][/av_heading]

[av_textblock]
Lorem ipsum dolor sit amet, consectetuer adipiscing elit. Aenean commodo ligula eget dolor. Aenean massa. Cum sociis natoque penatibus et magnis dis parturient montes, nascetur ridiculus mus. Donec quam felis, ultricies nec, pellentesque eu, pretium quis, sem.

Nulla consequat massa quis enim. Donec pede justo, fringilla vel, aliquet nec, vulputate eget, arcu. In enim justo, rhoncus ut, imperdiet a, venenatis vitae, justo. Nullam dictum felis eu pede mollis pretium. Integer tincidunt.
[/av_textblock]

[av_hr class='invisible' height='50' shadow='no-shadow' position='center']

[av_contact email='mail@enfold-blog.com' title='Send me mail' button='Submit' on_send='' sent='Your message has been sent!' link='manually,http://' subject='' autorespond='' captcha='']
[av_contact_field label='Name' type='text' check='is_empty' options='' width=''][/av_contact_field]
[av_contact_field label='E-Mail' type='text' check='is_email' options='' width=''][/av_contact_field]
[av_contact_field label='Subject' type='text' check='is_empty' options='' width=''][/av_contact_field]
[av_contact_field label='Message' type='textarea' check='is_empty' options='' width=''][/av_contact_field]
[/av_contact]]]></content:encoded>
		<excerpt:encoded><![CDATA[]]></excerpt:encoded>
		<wp:post_id>17</wp:post_id>
		<wp:post_date>2014-08-24 17:28:24</wp:post_date>
		<wp:post_date_gmt>2014-08-24 17:28:24</wp:post_date_gmt>
		<wp:comment_status>open</wp:comment_status>
		<wp:ping_status>open</wp:ping_status>
		<wp:post_name>contact</wp:post_name>
		<wp:status>publish</wp:status>
		<wp:post_parent>0</wp:post_parent>
		<wp:menu_order>0</wp:menu_order>
		<wp:post_type>page</wp:post_type>
		<wp:post_password></wp:post_password>
		<wp:is_sticky>0</wp:is_sticky>
		<wp:postmeta>
			<wp:meta_key>_wp_page_template</wp:meta_key>
			<wp:meta_value><![CDATA[default]]></wp:meta_value>
		</wp:postmeta>
		<wp:postmeta>
			<wp:meta_key>_aviaLayoutBuilder_active</wp:meta_key>
			<wp:meta_value><![CDATA[active]]></wp:meta_value>
		</wp:postmeta>
		<wp:postmeta>
			<wp:meta_key>_aviaLayoutBuilderCleanData</wp:meta_key>
			<wp:meta_value><![CDATA[[av_heading tag='h1' padding='10' heading='Get in touch' color='' style='' custom_font='' size='' subheading_active='' subheading_size='15' custom_class=''][/av_heading]

[av_textblock]
Lorem ipsum dolor sit amet, consectetuer adipiscing elit. Aenean commodo ligula eget dolor. Aenean massa. Cum sociis natoque penatibus et magnis dis parturient montes, nascetur ridiculus mus. Donec quam felis, ultricies nec, pellentesque eu, pretium quis, sem.

Nulla consequat massa quis enim. Donec pede justo, fringilla vel, aliquet nec, vulputate eget, arcu. In enim justo, rhoncus ut, imperdiet a, venenatis vitae, justo. Nullam dictum felis eu pede mollis pretium. Integer tincidunt.
[/av_textblock]

[av_hr class='invisible' height='50' shadow='no-shadow' position='center']

[av_contact email='mail@enfold-blog.com' title='Send me mail' button='Submit' on_send='' sent='Your message has been sent!' link='manually,http://' subject='' autorespond='' captcha='']
[av_contact_field label='Name' type='text' check='is_empty' options='' width=''][/av_contact_field]
[av_contact_field label='E-Mail' type='text' check='is_email' options='' width=''][/av_contact_field]
[av_contact_field label='Subject' type='text' check='is_empty' options='' width=''][/av_contact_field]
[av_contact_field label='Message' type='textarea' check='is_empty' options='' width=''][/av_contact_field]
[/av_contact]

]]></wp:meta_value>
		</wp:postmeta>
		<wp:postmeta>
			<wp:meta_key>_avia_builder_shortcode_tree</wp:meta_key>
			<wp:meta_value><![CDATA[a:4:{i:0;a:3:{s:3:"tag";s:10:"av_heading";s:7:"content";a:0:{}s:5:"index";i:0;}i:1;a:3:{s:3:"tag";s:12:"av_textblock";s:7:"content";a:0:{}s:5:"index";i:1;}i:2;a:3:{s:3:"tag";s:5:"av_hr";s:7:"content";a:0:{}s:5:"index";i:2;}i:3;a:3:{s:3:"tag";s:10:"av_contact";s:7:"content";a:0:{}s:5:"index";i:3;}}]]></wp:meta_value>
		</wp:postmeta>
		<wp:postmeta>
			<wp:meta_key>layout</wp:meta_key>
			<wp:meta_value><![CDATA[]]></wp:meta_value>
		</wp:postmeta>
		<wp:postmeta>
			<wp:meta_key>sidebar</wp:meta_key>
			<wp:meta_value><![CDATA[]]></wp:meta_value>
		</wp:postmeta>
		<wp:postmeta>
			<wp:meta_key>footer</wp:meta_key>
			<wp:meta_value><![CDATA[]]></wp:meta_value>
		</wp:postmeta>
		<wp:postmeta>
			<wp:meta_key>header_title_bar</wp:meta_key>
			<wp:meta_value><![CDATA[]]></wp:meta_value>
		</wp:postmeta>
		<wp:postmeta>
			<wp:meta_key>header_transparency</wp:meta_key>
			<wp:meta_value><![CDATA[]]></wp:meta_value>
		</wp:postmeta>
		<wp:postmeta>
			<wp:meta_key>_avia_hide_featured_image</wp:meta_key>
			<wp:meta_value><![CDATA[0]]></wp:meta_value>
		</wp:postmeta>
		<wp:postmeta>
			<wp:meta_key>_edit_last</wp:meta_key>
			<wp:meta_value><![CDATA[1]]></wp:meta_value>
		</wp:postmeta>
	</item>
	<item>
				<title>This is a post with post type &quot;Link&quot;</title>
		<link>http://www.kriesi.at/themes/enfold-blog/2012/08/24/this-is-a-post-with-post-type-link/</link>
		<pubDate>Fri, 24 Aug 2012 18:16:35 +0000</pubDate>
		<dc:creator><![CDATA[Kriesi]]></dc:creator>
		<guid isPermaLink="false">http://192.168.1.104/enfold-blog/?p=36</guid>
		<description></description>
		<content:encoded><![CDATA[http://www.kriesi.at
<blockquote>Entries with this post type link to a different page with their headline. Lorem ipsum dolor sit amet, consectetuer adipiscing elit. Aenean commodo ligula eget dolor.</blockquote>]]></content:encoded>
		<excerpt:encoded><![CDATA[]]></excerpt:encoded>
		<wp:post_id>36</wp:post_id>
		<wp:post_date>2012-08-24 18:16:35</wp:post_date>
		<wp:post_date_gmt>2012-08-24 18:16:35</wp:post_date_gmt>
		<wp:comment_status>open</wp:comment_status>
		<wp:ping_status>open</wp:ping_status>
		<wp:post_name>this-is-a-post-with-post-type-link</wp:post_name>
		<wp:status>publish</wp:status>
		<wp:post_parent>0</wp:post_parent>
		<wp:menu_order>0</wp:menu_order>
		<wp:post_type>post</wp:post_type>
		<wp:post_password></wp:post_password>
		<wp:is_sticky>0</wp:is_sticky>
		<category domain="post_tag" nicename="food"><![CDATA[food]]></category>
		<category domain="post_tag" nicename="fun"><![CDATA[fun]]></category>
		<category domain="post_format" nicename="post-format-link"><![CDATA[Link]]></category>
		<category domain="category" nicename="news"><![CDATA[News]]></category>
		<wp:postmeta>
			<wp:meta_key>layout</wp:meta_key>
			<wp:meta_value><![CDATA[]]></wp:meta_value>
		</wp:postmeta>
		<wp:postmeta>
			<wp:meta_key>sidebar</wp:meta_key>
			<wp:meta_value><![CDATA[]]></wp:meta_value>
		</wp:postmeta>
		<wp:postmeta>
			<wp:meta_key>footer</wp:meta_key>
			<wp:meta_value><![CDATA[]]></wp:meta_value>
		</wp:postmeta>
		<wp:postmeta>
			<wp:meta_key>header_title_bar</wp:meta_key>
			<wp:meta_value><![CDATA[]]></wp:meta_value>
		</wp:postmeta>
		<wp:postmeta>
			<wp:meta_key>header_transparency</wp:meta_key>
			<wp:meta_value><![CDATA[]]></wp:meta_value>
		</wp:postmeta>
		<wp:postmeta>
			<wp:meta_key>_avia_hide_featured_image</wp:meta_key>
			<wp:meta_value><![CDATA[0]]></wp:meta_value>
		</wp:postmeta>
		<wp:postmeta>
			<wp:meta_key>_oembed_b0268193f0cbd776f2a9c43df56d9186</wp:meta_key>
			<wp:meta_value><![CDATA[{{unknown}}]]></wp:meta_value>
		</wp:postmeta>
	</item>
	<item>
				<title>A nice post</title>
		<link>http://www.kriesi.at/themes/enfold-blog/2012/05/24/a-nice-post/</link>
		<pubDate>Thu, 24 May 2012 18:59:53 +0000</pubDate>
		<dc:creator><![CDATA[Kriesi]]></dc:creator>
		<guid isPermaLink="false">http://192.168.1.104/enfold-blog/?p=55</guid>
		<description></description>
		<content:encoded><![CDATA[Lorem ipsum dolor sit amet, consectetuer adipiscing elit. Aenean commodo ligula eget dolor. Aenean massa. Cum sociis natoque penatibus et magnis dis parturient montes, nascetur ridiculus mus. Donec quam felis, ultricies nec, pellentesque eu, pretium quis, sem.
<blockquote>Nulla consequat massa quis enim. Donec pede justo, fringilla vel, aliquet nec, vulputate eget, arcu. In enim justo, rhoncus ut, imperdiet a, venenatis vitae, justo. Nullam dictum felis eu pede mollis pretium. Integer tincidunt. Cras dapibus. Vivamus elementum semper nisi. Aenean vulputate eleifend tellus. Aenean leo ligula, porttitor eu, consequat vitae, eleifend ac, enim.</blockquote>
<!--more-->

Nunc nec neque. Phasellus leo dolor, tempus non, auctor et, hendrerit quis, nisi. Curabitur ligula sapien, tincidunt non, euismod vitae, posuere imperdiet, leo. Maecenas malesuada. Praesent congue erat at massa. Sed cursus turpis vitae tortor.
<ul>
	<li>Donec posuere vulputate arcu.</li>
	<li>Phasellus accumsan cursus velit.</li>
	<li>Vestibulum ante ipsum primis in faucibus orci luctus et ultrices posuere cubilia Curae;</li>
	<li>Sed aliquam, nisi quis porttitor congue</li>
</ul>]]></content:encoded>
		<excerpt:encoded><![CDATA[]]></excerpt:encoded>
		<wp:post_id>55</wp:post_id>
		<wp:post_date>2012-05-24 18:59:53</wp:post_date>
		<wp:post_date_gmt>2012-05-24 18:59:53</wp:post_date_gmt>
		<wp:comment_status>open</wp:comment_status>
		<wp:ping_status>open</wp:ping_status>
		<wp:post_name>a-nice-post</wp:post_name>
		<wp:status>publish</wp:status>
		<wp:post_parent>0</wp:post_parent>
		<wp:menu_order>0</wp:menu_order>
		<wp:post_type>post</wp:post_type>
		<wp:post_password></wp:post_password>
		<wp:is_sticky>0</wp:is_sticky>
		<category domain="post_tag" nicename="food"><![CDATA[food]]></category>
		<category domain="post_tag" nicename="fun"><![CDATA[fun]]></category>
		<category domain="category" nicename="news"><![CDATA[News]]></category>
		<wp:postmeta>
			<wp:meta_key>_thumbnail_id</wp:meta_key>
			<wp:meta_value><![CDATA[68]]></wp:meta_value>
		</wp:postmeta>
		<wp:postmeta>
			<wp:meta_key>layout</wp:meta_key>
			<wp:meta_value><![CDATA[]]></wp:meta_value>
		</wp:postmeta>
		<wp:postmeta>
			<wp:meta_key>sidebar</wp:meta_key>
			<wp:meta_value><![CDATA[]]></wp:meta_value>
		</wp:postmeta>
		<wp:postmeta>
			<wp:meta_key>footer</wp:meta_key>
			<wp:meta_value><![CDATA[]]></wp:meta_value>
		</wp:postmeta>
		<wp:postmeta>
			<wp:meta_key>header_title_bar</wp:meta_key>
			<wp:meta_value><![CDATA[]]></wp:meta_value>
		</wp:postmeta>
		<wp:postmeta>
			<wp:meta_key>header_transparency</wp:meta_key>
			<wp:meta_value><![CDATA[]]></wp:meta_value>
		</wp:postmeta>
		<wp:postmeta>
			<wp:meta_key>_avia_hide_featured_image</wp:meta_key>
			<wp:meta_value><![CDATA[0]]></wp:meta_value>
		</wp:postmeta>
		<wp:postmeta>
			<wp:meta_key>_edit_last</wp:meta_key>
			<wp:meta_value><![CDATA[1]]></wp:meta_value>
		</wp:postmeta>
	</item>
	<item>
				<title>A nice entry</title>
		<link>http://www.kriesi.at/themes/enfold-blog/2014/08/24/a-nice-entry/</link>
		<pubDate>Sun, 24 Aug 2014 18:56:26 +0000</pubDate>
		<dc:creator><![CDATA[Kriesi]]></dc:creator>
		<guid isPermaLink="false">http://192.168.1.104/enfold-blog/?p=1</guid>
		<description></description>
		<content:encoded><![CDATA[Lorem ipsum dolor sit amet, consectetuer adipiscing elit. Aenean commodo ligula eget dolor. Aenean massa. Cum sociis natoque penatibus et magnis dis parturient montes, nascetur ridiculus mus. Donec quam felis, ultricies nec, pellentesque eu, pretium quis, sem.
<blockquote>Nulla consequat massa quis enim. Donec pede justo, fringilla vel, aliquet nec, vulputate eget, arcu. In enim justo, rhoncus ut, imperdiet a, venenatis vitae, justo. Nullam dictum felis eu pede mollis pretium. Integer tincidunt. Cras dapibus. Vivamus elementum semper nisi. Aenean vulputate eleifend tellus. Aenean leo ligula, porttitor eu, consequat vitae, eleifend ac, enim.</blockquote>
<!--more-->

Nunc nec neque. Phasellus leo dolor, tempus non, auctor et, hendrerit quis, nisi. Curabitur ligula sapien, tincidunt non, euismod vitae, posuere imperdiet, leo. Maecenas malesuada. Praesent congue erat at massa. Sed cursus turpis vitae tortor.
<ul>
	<li>Donec posuere vulputate arcu.</li>
	<li>Phasellus accumsan cursus velit.</li>
	<li>Vestibulum ante ipsum primis in faucibus orci luctus et ultrices posuere cubilia Curae;</li>
	<li>Sed aliquam, nisi quis porttitor congue</li>
</ul>]]></content:encoded>
		<excerpt:encoded><![CDATA[]]></excerpt:encoded>
		<wp:post_id>65</wp:post_id>
		<wp:post_date>2014-08-24 18:56:26</wp:post_date>
		<wp:post_date_gmt>2014-08-24 18:56:26</wp:post_date_gmt>
		<wp:comment_status>open</wp:comment_status>
		<wp:ping_status>open</wp:ping_status>
		<wp:post_name>a-nice-entry</wp:post_name>
		<wp:status>publish</wp:status>
		<wp:post_parent>0</wp:post_parent>
		<wp:menu_order>0</wp:menu_order>
		<wp:post_type>post</wp:post_type>
		<wp:post_password></wp:post_password>
		<wp:is_sticky>0</wp:is_sticky>
		<category domain="post_tag" nicename="food"><![CDATA[food]]></category>
		<category domain="post_tag" nicename="fun"><![CDATA[fun]]></category>
		<category domain="category" nicename="news"><![CDATA[News]]></category>
		<wp:postmeta>
			<wp:meta_key>_wp_old_slug</wp:meta_key>
			<wp:meta_value><![CDATA[hello-world-2]]></wp:meta_value>
		</wp:postmeta>
		<wp:postmeta>
			<wp:meta_key>layout</wp:meta_key>
			<wp:meta_value><![CDATA[]]></wp:meta_value>
		</wp:postmeta>
		<wp:postmeta>
			<wp:meta_key>sidebar</wp:meta_key>
			<wp:meta_value><![CDATA[]]></wp:meta_value>
		</wp:postmeta>
		<wp:postmeta>
			<wp:meta_key>footer</wp:meta_key>
			<wp:meta_value><![CDATA[]]></wp:meta_value>
		</wp:postmeta>
		<wp:postmeta>
			<wp:meta_key>header_title_bar</wp:meta_key>
			<wp:meta_value><![CDATA[]]></wp:meta_value>
		</wp:postmeta>
		<wp:postmeta>
			<wp:meta_key>header_transparency</wp:meta_key>
			<wp:meta_value><![CDATA[]]></wp:meta_value>
		</wp:postmeta>
		<wp:postmeta>
			<wp:meta_key>_avia_hide_featured_image</wp:meta_key>
			<wp:meta_value><![CDATA[0]]></wp:meta_value>
		</wp:postmeta>
		<wp:postmeta>
			<wp:meta_key>_thumbnail_id</wp:meta_key>
			<wp:meta_value><![CDATA[69]]></wp:meta_value>
		</wp:postmeta>
		<wp:postmeta>
			<wp:meta_key>_edit_last</wp:meta_key>
			<wp:meta_value><![CDATA[1]]></wp:meta_value>
		</wp:postmeta>
		<wp:comment>
			<wp:comment_id>2</wp:comment_id>
			<wp:comment_author><![CDATA[]]></wp:comment_author>
			<wp:comment_author_email></wp:comment_author_email>
			<wp:comment_author_url></wp:comment_author_url>
			<wp:comment_author_IP></wp:comment_author_IP>
			<wp:comment_date>2014-08-24 17:14:26</wp:comment_date>
			<wp:comment_date_gmt>2014-08-24 17:14:26</wp:comment_date_gmt>
			<wp:comment_content><![CDATA[Love it! Thanks  a lot!]]></wp:comment_content>
			<wp:comment_approved>1</wp:comment_approved>
			<wp:comment_type></wp:comment_type>
			<wp:comment_parent>0</wp:comment_parent>
			<wp:comment_user_id>0</wp:comment_user_id>
		</wp:comment>
	</item>
	<item>
				<title>A small gallery</title>
		<link>http://www.kriesi.at/themes/enfold-blog/2013/01/24/a-small-gallery/</link>
		<pubDate>Thu, 24 Jan 2013 18:20:21 +0000</pubDate>
		<dc:creator><![CDATA[Kriesi]]></dc:creator>
		<guid isPermaLink="false">http://192.168.1.104/enfold-blog/?p=40</guid>
		<description></description>
		<content:encoded><![CDATA[[gallery link="file" columns="5" ids="72,71,70,69,68"]

Lorem ipsum dolor sit amet, consectetuer adipiscing elit. Aenean commodo ligula eget dolor. Aenean massa. Cum sociis natoque penatibus et magnis dis parturient montes, nascetur ridiculus mus. Donec quam felis, ultricies nec, pellentesque eu, pretium quis, sem.
<ul>
	<li>Nulla consequat massa quis enim.</li>
	<li>Donec pede justo, fringilla vel, aliquet nec, vulputate eget, arcu.</li>
	<li>In enim justo, rhoncus ut, imperdiet a, venenatis vitae, justo.</li>
	<li>Nullam dictum felis eu pede mollis pretium. Integer tincidunt. Cras dapibus. Vivamus elementum semper nisi.</li>
</ul>
Aenean vulputate eleifend tellus. Aenean leo ligula, porttitor eu, consequat vitae, eleifend ac, enim.

<!--more-->

Lorem ipsum dolor sit amet, consectetuer adipiscing elit. Aenean commodo ligula eget dolor. Aenean massa. Cum sociis natoque penatibus et magnis dis parturient montes, nascetur ridiculus mus. Donec quam felis, ultricies nlor sit amet, consectetuer adipiscing elit. Aenean commodo ligula eget dolor. Aenean massa. Cum sociis natoque penatibus et magnis dis parturient montes, nascetur ridiculus mus. Donec quam felis, ultricies nec, pellentesque eu, pretium quis, sem.]]></content:encoded>
		<excerpt:encoded><![CDATA[]]></excerpt:encoded>
		<wp:post_id>40</wp:post_id>
		<wp:post_date>2013-01-24 18:20:21</wp:post_date>
		<wp:post_date_gmt>2013-01-24 18:20:21</wp:post_date_gmt>
		<wp:comment_status>open</wp:comment_status>
		<wp:ping_status>open</wp:ping_status>
		<wp:post_name>a-small-gallery</wp:post_name>
		<wp:status>publish</wp:status>
		<wp:post_parent>0</wp:post_parent>
		<wp:menu_order>0</wp:menu_order>
		<wp:post_type>post</wp:post_type>
		<wp:post_password></wp:post_password>
		<wp:is_sticky>0</wp:is_sticky>
		<category domain="post_tag" nicename="food"><![CDATA[food]]></category>
		<category domain="post_tag" nicename="fun"><![CDATA[fun]]></category>
		<category domain="post_format" nicename="post-format-gallery"><![CDATA[Gallery]]></category>
		<category domain="category" nicename="news"><![CDATA[News]]></category>
		<category domain="category" nicename="personal"><![CDATA[Personal]]></category>
		<wp:postmeta>
			<wp:meta_key>layout</wp:meta_key>
			<wp:meta_value><![CDATA[]]></wp:meta_value>
		</wp:postmeta>
		<wp:postmeta>
			<wp:meta_key>sidebar</wp:meta_key>
			<wp:meta_value><![CDATA[]]></wp:meta_value>
		</wp:postmeta>
		<wp:postmeta>
			<wp:meta_key>footer</wp:meta_key>
			<wp:meta_value><![CDATA[]]></wp:meta_value>
		</wp:postmeta>
		<wp:postmeta>
			<wp:meta_key>header_title_bar</wp:meta_key>
			<wp:meta_value><![CDATA[]]></wp:meta_value>
		</wp:postmeta>
		<wp:postmeta>
			<wp:meta_key>header_transparency</wp:meta_key>
			<wp:meta_value><![CDATA[]]></wp:meta_value>
		</wp:postmeta>
		<wp:postmeta>
			<wp:meta_key>_avia_hide_featured_image</wp:meta_key>
			<wp:meta_value><![CDATA[0]]></wp:meta_value>
		</wp:postmeta>
		<wp:postmeta>
			<wp:meta_key>avada_post_views_count</wp:meta_key>
			<wp:meta_value><![CDATA[0]]></wp:meta_value>
		</wp:postmeta>
		<wp:postmeta>
			<wp:meta_key>_edit_last</wp:meta_key>
			<wp:meta_value><![CDATA[1]]></wp:meta_value>
		</wp:postmeta>
	</item>
	<item>
				<title>Entry with Post Format &quot;Video&quot;</title>
		<link>http://www.kriesi.at/themes/enfold-blog/2013/12/24/entry-with-post-format-video/</link>
		<pubDate>Tue, 24 Dec 2013 18:48:06 +0000</pubDate>
		<dc:creator><![CDATA[Kriesi]]></dc:creator>
		<guid isPermaLink="false">http://192.168.1.104/enfold-blog/?p=47</guid>
		<description></description>
		<content:encoded><![CDATA[http://vimeo.com/groups/stockfootage/videos/41629603

Lorem ipsum dolor sit amet, consectetuer adipiscing elit. Aenean commodo ligula eget dolor. Aenean massa. Cum sociis natoque penatibus et magnis dis parturient montes, nascetur ridiculus mus. Donec quam felis, ultricies nec, pellentesque eu, pretium quis, sem. Nulla consequat massa quis enim. Donec pede justo, fringilla vel, aliquet nec, vulputate eget, arcu. In enim justo, rhoncus ut, imperdiet a, venenatis vitae, justo.
<blockquote>Nullam dictum felis eu pede mollis pretium. Integer tincidunt. Cras dapibus. Vivamus elementum semper nisi. Aenean vulputate eleifend tellus. Aenean leo ligula, porttitor eu, consequat vitae, eleifend ac, enim. Aliquam lorem ante, dapibus in, viverra quis, feugiat a, tellus.

&nbsp;</blockquote>
<!--more-->

Phasellus viverra nulla ut metus varius laoreet. Quisque rutrum. Aenean imperdiet. Etiam ultricies nisi vel augue. Curabitur ullamcorper ultricies nisi. Nam eget dui. Etiam rhoncus. Maecenas tempus, tellus eget condimentum rhoncus, sem quam semper libero, sit amet adipiscing sem neque sed ipsum. Nam quam nunc, blandit vel, luctus pulvinar, hendrerit id, lorem. Maecenas nec odio et ante tincidunt tempus. Donec vitae sapien ut libero venenatis faucibus.

Nullam quis ante. Etiam sit amet orci eget eros faucibus tincidunt. Duis leo.]]></content:encoded>
		<excerpt:encoded><![CDATA[]]></excerpt:encoded>
		<wp:post_id>47</wp:post_id>
		<wp:post_date>2013-12-24 18:48:06</wp:post_date>
		<wp:post_date_gmt>2013-12-24 18:48:06</wp:post_date_gmt>
		<wp:comment_status>open</wp:comment_status>
		<wp:ping_status>open</wp:ping_status>
		<wp:post_name>entry-with-post-format-video</wp:post_name>
		<wp:status>publish</wp:status>
		<wp:post_parent>0</wp:post_parent>
		<wp:menu_order>0</wp:menu_order>
		<wp:post_type>post</wp:post_type>
		<wp:post_password></wp:post_password>
		<wp:is_sticky>0</wp:is_sticky>
		<category domain="post_tag" nicename="food"><![CDATA[food]]></category>
		<category domain="post_tag" nicename="fun"><![CDATA[fun]]></category>
		<category domain="category" nicename="personal"><![CDATA[Personal]]></category>
		<category domain="post_format" nicename="post-format-video"><![CDATA[Video]]></category>
		<wp:postmeta>
			<wp:meta_key>_oembed_3575cebe6a8975300c4abc1b45d76eb7</wp:meta_key>
			<wp:meta_value><![CDATA[<iframe src="//player.vimeo.com/video/41629603" width="1280" height="720" frameborder="0" title="Free HD stock video footage - Cloud time lapse (See Description for High Quality download link)" webkitallowfullscreen mozallowfullscreen allowfullscreen></iframe>]]></wp:meta_value>
		</wp:postmeta>
		<wp:postmeta>
			<wp:meta_key>_oembed_time_3575cebe6a8975300c4abc1b45d76eb7</wp:meta_key>
			<wp:meta_value><![CDATA[1408906064]]></wp:meta_value>
		</wp:postmeta>
		<wp:postmeta>
			<wp:meta_key>layout</wp:meta_key>
			<wp:meta_value><![CDATA[]]></wp:meta_value>
		</wp:postmeta>
		<wp:postmeta>
			<wp:meta_key>sidebar</wp:meta_key>
			<wp:meta_value><![CDATA[]]></wp:meta_value>
		</wp:postmeta>
		<wp:postmeta>
			<wp:meta_key>footer</wp:meta_key>
			<wp:meta_value><![CDATA[]]></wp:meta_value>
		</wp:postmeta>
		<wp:postmeta>
			<wp:meta_key>header_title_bar</wp:meta_key>
			<wp:meta_value><![CDATA[]]></wp:meta_value>
		</wp:postmeta>
		<wp:postmeta>
			<wp:meta_key>header_transparency</wp:meta_key>
			<wp:meta_value><![CDATA[]]></wp:meta_value>
		</wp:postmeta>
		<wp:postmeta>
			<wp:meta_key>_avia_hide_featured_image</wp:meta_key>
			<wp:meta_value><![CDATA[0]]></wp:meta_value>
		</wp:postmeta>
	</item>
	<item>
				<title>Entry without preview image</title>
		<link>http://www.kriesi.at/themes/enfold-blog/2014/02/12/entry-without-preview-image/</link>
		<pubDate>Wed, 12 Feb 2014 18:49:48 +0000</pubDate>
		<dc:creator><![CDATA[Kriesi]]></dc:creator>
		<guid isPermaLink="false">http://192.168.1.104/enfold-blog/?p=49</guid>
		<description></description>
		<content:encoded><![CDATA[Lorem ipsum dolor sit amet, consectetuer adipiscing elit. Aenean commodo ligula eget dolor. Aenean massa. Cum sociis natoque penatibus et magnis dis parturient montes, nascetur ridiculus mus. Donec quam felis, ultricies nec, pellentesque eu, pretium quis, sem.
<ol>
	<li>Nulla consequat massa quis enim.</li>
	<li>Donec pede justo, fringilla vel, aliquet nec, vulputate eget, arcu.</li>
	<li>In enim justo, rhoncus ut, imperdiet a, venenatis vitae, justo.</li>
</ol>
Nullam dictum felis eu pede mollis pretium. Integer tincidunt. Cras dapibus. Vivamus elementum semper nisi. Aenean vulputate eleifend tellus. Aenean leo ligula, porttitor eu, consequat vitae, eleifend ac, enim. Aliquam lorem ante, dapibus in, viverra quis, feugiat a, tellus.

<!--more-->

Phasellus viverra nulla ut metus varius laoreet. Quisque rutrum. Aenean imperdiet. Etiam ultricies nisi vel augue. Curabitur ullamcorper ultricies nisi. Nam eget dui. Etiam rhoncus. Maecenas tempus, tellus eget condimentum rhoncus, sem quam semper libero, sit amet adipiscing sem neque sed ipsum. Nam quam nunc, blandit vel, luctus pulvinar, hendrerit id, lorem. Maecenas nec odio et ante tincidunt tempus. Donec vitae sapien ut libero venenatis faucibus.
<blockquote>Nullam quis ante. Etiam sit amet orci eget eros faucibus tincidunt. Duis leo. Sed fringilla mauris sit amet nibh. Donec sodales sagittis magna. Sed consequat, leo eget bibendum sodales, augue velit cursus nunc, quis gravida magna mi a libero. Fusce vulputate eleifend sapien.</blockquote>
Vestibulum purus quam, scelerisque ut, mollis sed, nonummy id, metus. Nullam accumsan lorem in du.]]></content:encoded>
		<excerpt:encoded><![CDATA[]]></excerpt:encoded>
		<wp:post_id>49</wp:post_id>
		<wp:post_date>2014-02-12 18:49:48</wp:post_date>
		<wp:post_date_gmt>2014-02-12 18:49:48</wp:post_date_gmt>
		<wp:comment_status>open</wp:comment_status>
		<wp:ping_status>open</wp:ping_status>
		<wp:post_name>entry-without-preview-image</wp:post_name>
		<wp:status>publish</wp:status>
		<wp:post_parent>0</wp:post_parent>
		<wp:menu_order>0</wp:menu_order>
		<wp:post_type>post</wp:post_type>
		<wp:post_password></wp:post_password>
		<wp:is_sticky>0</wp:is_sticky>
		<category domain="post_tag" nicename="food"><![CDATA[food]]></category>
		<category domain="post_tag" nicename="fun"><![CDATA[fun]]></category>
		<category domain="category" nicename="news"><![CDATA[News]]></category>
		<wp:postmeta>
			<wp:meta_key>layout</wp:meta_key>
			<wp:meta_value><![CDATA[]]></wp:meta_value>
		</wp:postmeta>
		<wp:postmeta>
			<wp:meta_key>sidebar</wp:meta_key>
			<wp:meta_value><![CDATA[]]></wp:meta_value>
		</wp:postmeta>
		<wp:postmeta>
			<wp:meta_key>footer</wp:meta_key>
			<wp:meta_value><![CDATA[]]></wp:meta_value>
		</wp:postmeta>
		<wp:postmeta>
			<wp:meta_key>header_title_bar</wp:meta_key>
			<wp:meta_value><![CDATA[]]></wp:meta_value>
		</wp:postmeta>
		<wp:postmeta>
			<wp:meta_key>header_transparency</wp:meta_key>
			<wp:meta_value><![CDATA[]]></wp:meta_value>
		</wp:postmeta>
		<wp:postmeta>
			<wp:meta_key>_avia_hide_featured_image</wp:meta_key>
			<wp:meta_value><![CDATA[0]]></wp:meta_value>
		</wp:postmeta>
	</item>
	<item>
				<title>Entry with Audio</title>
		<link>http://www.kriesi.at/themes/enfold-blog/2014/05/11/entry-with-audio/</link>
		<pubDate>Sun, 11 May 2014 18:55:31 +0000</pubDate>
		<dc:creator><![CDATA[Kriesi]]></dc:creator>
		<guid isPermaLink="false">http://192.168.1.104/enfold-blog/?p=51</guid>
		<description></description>
		<content:encoded><![CDATA[[audio mp3="http://www.archive.org/download/Macroform2011/Macroform-600LightYears.mp3" preload="auto"][/audio]

Lorem ipsum dolor sit amet, consectetuer adipiscing elit. Aenean commodo ligula eget dolor. Aenean massa. Cum sociis natoque penatibus et magnis dis parturient montes, nascetur ridiculus mus. Donec quam felis, ultricies nec, pellentesque eu, pretium quis, sem.
<blockquote>Nulla consequat massa quis enim. Donec pede justo, fringilla vel, aliquet nec, vulputate eget, arcu. In enim justo, rhoncus ut, imperdiet a, venenatis vitae, justo. Nullam dictum felis eu pede mollis pretium. Integer.</blockquote>
<ul>
	<li>Donec posuere vulputate arcu.</li>
	<li>Phasellus accumsan cursus velit.</li>
	<li>Vestibulum ante ipsum primis in faucibus orci luctus et ultrices posuere cubilia Curae;</li>
	<li>Sed aliquam, nisi quis porttitor congue</li>
</ul>
<!--more-->

Nunc nec neque. Phasellus leo dolor, tempus non, auctor et, hendrerit quis, nisi. Curabitur ligula sapien, tincidunt non, euismod vitae, posuere imperdiet, leo. Maecenas malesuada. Praesent congue erat at massa. Sed cursus turpis vitae tortor.
<ul>
	<li>Donec posuere vulputate arcu.</li>
	<li>Phasellus accumsan cursus velit.</li>
	<li>Vestibulum ante ipsum primis in faucibus orci luctus et ultrices posuere cubilia Curae;</li>
	<li>Sed aliquam, nisi quis porttitor congue</li>
</ul>]]></content:encoded>
		<excerpt:encoded><![CDATA[]]></excerpt:encoded>
		<wp:post_id>51</wp:post_id>
		<wp:post_date>2014-05-11 18:55:31</wp:post_date>
		<wp:post_date_gmt>2014-05-11 18:55:31</wp:post_date_gmt>
		<wp:comment_status>open</wp:comment_status>
		<wp:ping_status>open</wp:ping_status>
		<wp:post_name>entry-with-audio</wp:post_name>
		<wp:status>publish</wp:status>
		<wp:post_parent>0</wp:post_parent>
		<wp:menu_order>0</wp:menu_order>
		<wp:post_type>post</wp:post_type>
		<wp:post_password></wp:post_password>
		<wp:is_sticky>0</wp:is_sticky>
		<category domain="post_format" nicename="post-format-audio"><![CDATA[Audio]]></category>
		<category domain="post_tag" nicename="food"><![CDATA[food]]></category>
		<category domain="post_tag" nicename="fun"><![CDATA[fun]]></category>
		<category domain="category" nicename="news"><![CDATA[News]]></category>
		<category domain="category" nicename="personal"><![CDATA[Personal]]></category>
		<wp:postmeta>
			<wp:meta_key>layout</wp:meta_key>
			<wp:meta_value><![CDATA[]]></wp:meta_value>
		</wp:postmeta>
		<wp:postmeta>
			<wp:meta_key>sidebar</wp:meta_key>
			<wp:meta_value><![CDATA[]]></wp:meta_value>
		</wp:postmeta>
		<wp:postmeta>
			<wp:meta_key>footer</wp:meta_key>
			<wp:meta_value><![CDATA[]]></wp:meta_value>
		</wp:postmeta>
		<wp:postmeta>
			<wp:meta_key>header_title_bar</wp:meta_key>
			<wp:meta_value><![CDATA[]]></wp:meta_value>
		</wp:postmeta>
		<wp:postmeta>
			<wp:meta_key>header_transparency</wp:meta_key>
			<wp:meta_value><![CDATA[]]></wp:meta_value>
		</wp:postmeta>
		<wp:postmeta>
			<wp:meta_key>_avia_hide_featured_image</wp:meta_key>
			<wp:meta_value><![CDATA[0]]></wp:meta_value>
		</wp:postmeta>
		<wp:postmeta>
			<wp:meta_key>_thumbnail_id</wp:meta_key>
			<wp:meta_value><![CDATA[72]]></wp:meta_value>
		</wp:postmeta>
		<wp:postmeta>
			<wp:meta_key>enclosure</wp:meta_key>
			<wp:meta_value><![CDATA[http://www.archive.org/download/Macroform2011/Macroform-600LightYears.mp3
161
audio/mpeg
]]></wp:meta_value>
		</wp:postmeta>
		<wp:postmeta>
			<wp:meta_key>_edit_last</wp:meta_key>
			<wp:meta_value><![CDATA[1]]></wp:meta_value>
		</wp:postmeta>
	</item>
</channel>
</rss>
